chat_id,officer,question,ai_response,date_time,tokens_used
CHAT0001,Officer29,How to file a missing person case?,AI generated response,2026-07-07T17:32:00,1046
CHAT0002,Officer79,IPC section for theft?,AI generated response,2026-07-09T09:01:00,234
CHAT0003,Officer69,IPC section for theft?,AI generated response,2026-07-01T15:56:00,1001
CHAT0004,Officer4,How to register an FIR?,AI generated response,2026-07-06T11:18:00,292
CHAT0005,Officer62,Evidence required in cybercrime?,AI generated response,2026-07-04T18:46:00,346
CHAT0006,Officer93,IPC section for theft?,AI generated response,2026-07-05T10:09:00,1124
CHAT0007,Officer98,Evidence required in cybercrime?,AI generated response,2026-07-05T12:23:00,1012
CHAT0008,Officer1,How to file a missing person case?,AI generated response,2026-07-05T13:05:00,640
CHAT0009,Officer43,IPC section for theft?,AI generated response,2026-07-05T12:44:00,824
CHAT0010,Officer91,How to file a missing person case?,AI generated response,2026-07-05T14:05:00,983
CHAT0011,Officer82,How to file a missing person case?,AI generated response,2026-07-03T12:10:00,1102
CHAT0012,Officer29,IPC section for theft?,AI generated response,2026-07-02T12:21:00,886
CHAT0013,Officer95,Evidence required in cybercrime?,AI generated response,2026-07-09T14:19:00,652
CHAT0014,Officer82,How to file a missing person case?,AI generated response,2026-07-04T18:54:00,743
CHAT0015,Officer93,How to file a missing person case?,AI generated response,2026-07-05T09:56:00,488
CHAT0016,Officer31,IPC section for theft?,AI generated response,2026-07-08T18:04:00,877
CHAT0017,Officer42,IPC section for theft?,AI generated response,2026-07-06T18:35:00,860
CHAT0018,Officer3,IPC section for theft?,AI generated response,2026-07-04T17:09:00,1114
CHAT0019,Officer38,How to register an FIR?,AI generated response,2026-07-08T16:17:00,1183
CHAT0020,Officer26,How to file a missing person case?,AI generated response,2026-07-04T10:32:00,961
CHAT0021,Officer12,How to file a missing person case?,AI generated response,2026-07-09T13:07:00,450
CHAT0022,Officer11,How to file a missing person case?,AI generated response,2026-07-03T13:52:00,549
CHAT0023,Officer44,How to file a missing person case?,AI generated response,2026-07-02T17:18:00,861
CHAT0024,Officer75,Evidence required in cybercrime?,AI generated response,2026-07-04T11:43:00,1018
CHAT0025,Officer18,IPC section for theft?,AI generated response,2026-07-04T16:35:00,631
CHAT0026,Officer6,How to register an FIR?,AI generated response,2026-07-06T15:15:00,1111
CHAT0027,Officer85,IPC section for theft?,AI generated response,2026-07-08T11:01:00,649
CHAT0028,Officer27,How to file a missing person case?,AI generated response,2026-07-08T14:11:00,404
CHAT0029,Officer3,How to file a missing person case?,AI generated response,2026-07-07T15:43:00,348
CHAT0030,Officer64,How to register an FIR?,AI generated response,2026-07-07T16:33:00,356
CHAT0031,Officer40,How to file a missing person case?,AI generated response,2026-07-06T16:39:00,708
CHAT0032,Officer61,Evidence required in cybercrime?,AI generated response,2026-07-04T17:26:00,602
CHAT0033,Officer44,IPC section for theft?,AI generated response,2026-07-01T13:58:00,692
CHAT0034,Officer18,What is the procedure for arrest?,AI generated response,2026-07-06T16:33:00,613
CHAT0035,Officer20,IPC section for theft?,AI generated response,2026-07-05T18:37:00,600
CHAT0036,Officer13,What is the procedure for arrest?,AI generated response,2026-07-05T14:40:00,987
CHAT0037,Officer97,How to file a missing person case?,AI generated response,2026-07-04T17:39:00,610
CHAT0038,Officer22,IPC section for theft?,AI generated response,2026-07-04T14:59:00,1071
CHAT0039,Officer69,How to register an FIR?,AI generated response,2026-07-03T13:42:00,545
CHAT0040,Officer61,How to file a missing person case?,AI generated response,2026-07-06T09:00:00,419
CHAT0041,Officer27,How to file a missing person case?,AI generated response,2026-07-05T09:59:00,576
CHAT0042,Officer83,How to register an FIR?,AI generated response,2026-07-07T13:09:00,183
CHAT0043,Officer66,IPC section for theft?,AI generated response,2026-07-07T11:56:00,717
CHAT0044,Officer1,IPC section for theft?,AI generated response,2026-07-08T12:35:00,299
CHAT0045,Officer77,How to register an FIR?,AI generated response,2026-07-05T16:22:00,1149
CHAT0046,Officer37,How to register an FIR?,AI generated response,2026-07-05T12:05:00,503
CHAT0047,Officer41,What is the procedure for arrest?,AI generated response,2026-07-09T09:29:00,888
CHAT0048,Officer22,Evidence required in cybercrime?,AI generated response,2026-07-04T15:10:00,334
CHAT0049,Officer99,How to register an FIR?,AI generated response,2026-07-05T10:54:00,1133
CHAT0050,Officer32,Evidence required in cybercrime?,AI generated response,2026-07-02T16:41:00,306
CHAT0051,Officer18,Evidence required in cybercrime?,AI generated response,2026-07-04T14:03:00,1099
CHAT0052,Officer1,How to register an FIR?,AI generated response,2026-07-01T11:42:00,230
CHAT0053,Officer56,IPC section for theft?,AI generated response,2026-07-08T13:12:00,852
CHAT0054,Officer61,IPC section for theft?,AI generated response,2026-07-08T10:19:00,338
CHAT0055,Officer25,IPC section for theft?,AI generated response,2026-07-03T15:06:00,796
CHAT0056,Officer53,How to register an FIR?,AI generated response,2026-07-02T18:29:00,809
CHAT0057,Officer27,IPC section for theft?,AI generated response,2026-07-03T13:44:00,1185
CHAT0058,Officer71,Evidence required in cybercrime?,AI generated response,2026-07-08T09:31:00,1166
CHAT0059,Officer3,How to register an FIR?,AI generated response,2026-07-01T13:49:00,762
CHAT0060,Officer20,IPC section for theft?,AI generated response,2026-07-07T14:32:00,873
CHAT0061,Officer62,How to register an FIR?,AI generated response,2026-07-01T17:54:00,441
CHAT0062,Officer38,What is the procedure for arrest?,AI generated response,2026-07-03T13:46:00,208
CHAT0063,Officer43,Evidence required in cybercrime?,AI generated response,2026-07-04T14:21:00,212
CHAT0064,Officer10,What is the procedure for arrest?,AI generated response,2026-07-03T11:03:00,587
CHAT0065,Officer44,Evidence required in cybercrime?,AI generated response,2026-07-06T12:24:00,852
CHAT0066,Officer13,How to register an FIR?,AI generated response,2026-07-08T13:13:00,151
CHAT0067,Officer45,How to register an FIR?,AI generated response,2026-07-08T12:55:00,714
CHAT0068,Officer23,How to file a missing person case?,AI generated response,2026-07-03T09:43:00,274
CHAT0069,Officer13,How to file a missing person case?,AI generated response,2026-07-09T09:04:00,874
CHAT0070,Officer30,What is the procedure for arrest?,AI generated response,2026-07-03T14:30:00,513
CHAT0071,Officer50,IPC section for theft?,AI generated response,2026-07-06T16:28:00,1104
CHAT0072,Officer91,IPC section for theft?,AI generated response,2026-07-06T10:08:00,972
CHAT0073,Officer49,How to register an FIR?,AI generated response,2026-07-03T14:24:00,338
CHAT0074,Officer92,What is the procedure for arrest?,AI generated response,2026-07-07T09:18:00,420
CHAT0075,Officer4,What is the procedure for arrest?,AI generated response,2026-07-01T16:34:00,413
CHAT0076,Officer51,What is the procedure for arrest?,AI generated response,2026-07-05T18:33:00,382
CHAT0077,Officer78,IPC section for theft?,AI generated response,2026-07-09T12:02:00,1063
CHAT0078,Officer1,IPC section for theft?,AI generated response,2026-07-07T09:38:00,850
CHAT0079,Officer73,What is the procedure for arrest?,AI generated response,2026-07-09T17:13:00,692
CHAT0080,Officer17,What is the procedure for arrest?,AI generated response,2026-07-03T09:10:00,172
CHAT0081,Officer43,Evidence required in cybercrime?,AI generated response,2026-07-09T18:19:00,636
CHAT0082,Officer4,How to register an FIR?,AI generated response,2026-07-02T14:26:00,636
CHAT0083,Officer36,IPC section for theft?,AI generated response,2026-07-06T09:43:00,633
CHAT0084,Officer3,How to file a missing person case?,AI generated response,2026-07-06T17:13:00,682
CHAT0085,Officer43,Evidence required in cybercrime?,AI generated response,2026-07-01T17:18:00,387
CHAT0086,Officer36,How to register an FIR?,AI generated response,2026-07-06T09:56:00,201
CHAT0087,Officer77,How to register an FIR?,AI generated response,2026-07-02T09:01:00,184
CHAT0088,Officer26,Evidence required in cybercrime?,AI generated response,2026-07-07T10:40:00,1135
CHAT0089,Officer59,Evidence required in cybercrime?,AI generated response,2026-07-05T09:27:00,1026
CHAT0090,Officer46,How to file a missing person case?,AI generated response,2026-07-03T09:28:00,247
CHAT0091,Officer98,How to file a missing person case?,AI generated response,2026-07-04T13:10:00,863
CHAT0092,Officer55,IPC section for theft?,AI generated response,2026-07-09T17:25:00,833
CHAT0093,Officer94,What is the procedure for arrest?,AI generated response,2026-07-02T09:08:00,404
CHAT0094,Officer39,What is the procedure for arrest?,AI generated response,2026-07-09T12:09:00,1152
CHAT0095,Officer90,How to register an FIR?,AI generated response,2026-07-01T18:40:00,498
CHAT0096,Officer80,IPC section for theft?,AI generated response,2026-07-07T12:45:00,865
CHAT0097,Officer50,How to register an FIR?,AI generated response,2026-07-08T18:13:00,576
CHAT0098,Officer55,How to file a missing person case?,AI generated response,2026-07-07T09:14:00,1127
CHAT0099,Officer19,What is the procedure for arrest?,AI generated response,2026-07-01T17:39:00,870
CHAT0100,Officer26,How to register an FIR?,AI generated response,2026-07-07T11:29:00,810
CHAT0101,Officer70,How to file a missing person case?,AI generated response,2026-07-06T09:52:00,314
CHAT0102,Officer61,How to register an FIR?,AI generated response,2026-07-01T10:54:00,992
CHAT0103,Officer62,IPC section for theft?,AI generated response,2026-07-02T11:34:00,970
CHAT0104,Officer17,Evidence required in cybercrime?,AI generated response,2026-07-09T13:56:00,460
CHAT0105,Officer66,Evidence required in cybercrime?,AI generated response,2026-07-03T16:58:00,780
CHAT0106,Officer11,How to register an FIR?,AI generated response,2026-07-04T12:16:00,1166
CHAT0107,Officer5,IPC section for theft?,AI generated response,2026-07-06T10:57:00,802
CHAT0108,Officer45,What is the procedure for arrest?,AI generated response,2026-07-03T09:43:00,1076
CHAT0109,Officer97,How to file a missing person case?,AI generated response,2026-07-09T18:35:00,275
CHAT0110,Officer77,IPC section for theft?,AI generated response,2026-07-06T12:22:00,552
CHAT0111,Officer37,What is the procedure for arrest?,AI generated response,2026-07-06T17:18:00,435
CHAT0112,Officer16,Evidence required in cybercrime?,AI generated response,2026-07-02T10:03:00,544
CHAT0113,Officer40,What is the procedure for arrest?,AI generated response,2026-07-03T13:43:00,236
CHAT0114,Officer47,IPC section for theft?,AI generated response,2026-07-03T15:01:00,214
CHAT0115,Officer74,How to register an FIR?,AI generated response,2026-07-02T17:29:00,845
CHAT0116,Officer60,What is the procedure for arrest?,AI generated response,2026-07-05T10:39:00,844
CHAT0117,Officer45,How to file a missing person case?,AI generated response,2026-07-04T09:16:00,336
CHAT0118,Officer19,Evidence required in cybercrime?,AI generated response,2026-07-09T14:52:00,479
CHAT0119,Officer86,How to file a missing person case?,AI generated response,2026-07-02T15:35:00,1062
CHAT0120,Officer15,IPC section for theft?,AI generated response,2026-07-05T14:11:00,357
CHAT0121,Officer92,How to file a missing person case?,AI generated response,2026-07-05T10:14:00,935
CHAT0122,Officer44,What is the procedure for arrest?,AI generated response,2026-07-02T18:43:00,1041
CHAT0123,Officer56,How to register an FIR?,AI generated response,2026-07-07T14:37:00,771
CHAT0124,Officer84,How to register an FIR?,AI generated response,2026-07-06T12:57:00,159
CHAT0125,Officer36,What is the procedure for arrest?,AI generated response,2026-07-04T13:47:00,284
CHAT0126,Officer95,IPC section for theft?,AI generated response,2026-07-06T11:32:00,153
CHAT0127,Officer98,How to register an FIR?,AI generated response,2026-07-03T09:55:00,578
CHAT0128,Officer83,Evidence required in cybercrime?,AI generated response,2026-07-09T10:11:00,939
CHAT0129,Officer17,How to file a missing person case?,AI generated response,2026-07-01T17:51:00,368
CHAT0130,Officer79,What is the procedure for arrest?,AI generated response,2026-07-07T18:38:00,935
CHAT0131,Officer50,Evidence required in cybercrime?,AI generated response,2026-07-01T14:10:00,483
CHAT0132,Officer60,How to file a missing person case?,AI generated response,2026-07-08T12:02:00,391
CHAT0133,Officer52,How to file a missing person case?,AI generated response,2026-07-03T17:34:00,789
CHAT0134,Officer14,Evidence required in cybercrime?,AI generated response,2026-07-01T18:48:00,302
CHAT0135,Officer36,How to register an FIR?,AI generated response,2026-07-03T16:29:00,1117
CHAT0136,Officer8,What is the procedure for arrest?,AI generated response,2026-07-06T17:57:00,208
CHAT0137,Officer3,How to file a missing person case?,AI generated response,2026-07-04T11:13:00,567
CHAT0138,Officer76,Evidence required in cybercrime?,AI generated response,2026-07-04T09:31:00,942
CHAT0139,Officer45,How to register an FIR?,AI generated response,2026-07-01T09:11:00,825
CHAT0140,Officer95,Evidence required in cybercrime?,AI generated response,2026-07-01T09:31:00,538
CHAT0141,Officer12,How to file a missing person case?,AI generated response,2026-07-04T18:06:00,828
CHAT0142,Officer92,IPC section for theft?,AI generated response,2026-07-08T11:02:00,394
CHAT0143,Officer15,How to register an FIR?,AI generated response,2026-07-09T14:13:00,1150
CHAT0144,Officer54,What is the procedure for arrest?,AI generated response,2026-07-02T10:31:00,1105
CHAT0145,Officer78,IPC section for theft?,AI generated response,2026-07-04T09:55:00,977
CHAT0146,Officer86,Evidence required in cybercrime?,AI generated response,2026-07-03T17:58:00,856
CHAT0147,Officer71,IPC section for theft?,AI generated response,2026-07-09T17:23:00,580
CHAT0148,Officer59,IPC section for theft?,AI generated response,2026-07-06T11:56:00,1063
CHAT0149,Officer70,How to register an FIR?,AI generated response,2026-07-04T17:34:00,279
CHAT0150,Officer41,How to file a missing person case?,AI generated response,2026-07-03T14:07:00,1178
CHAT0151,Officer25,How to register an FIR?,AI generated response,2026-07-07T11:47:00,1171
CHAT0152,Officer51,IPC section for theft?,AI generated response,2026-07-08T11:09:00,439
CHAT0153,Officer47,How to file a missing person case?,AI generated response,2026-07-01T14:17:00,209
CHAT0154,Officer94,Evidence required in cybercrime?,AI generated response,2026-07-03T09:07:00,744
CHAT0155,Officer89,What is the procedure for arrest?,AI generated response,2026-07-02T12:29:00,892
CHAT0156,Officer74,How to register an FIR?,AI generated response,2026-07-09T18:47:00,1051
CHAT0157,Officer71,How to register an FIR?,AI generated response,2026-07-06T16:08:00,715
CHAT0158,Officer66,Evidence required in cybercrime?,AI generated response,2026-07-08T16:29:00,1116
CHAT0159,Officer53,How to file a missing person case?,AI generated response,2026-07-09T11:05:00,551
CHAT0160,Officer27,What is the procedure for arrest?,AI generated response,2026-07-08T10:06:00,1153
CHAT0161,Officer48,What is the procedure for arrest?,AI generated response,2026-07-01T18:05:00,353
CHAT0162,Officer82,IPC section for theft?,AI generated response,2026-07-05T17:02:00,448
CHAT0163,Officer71,IPC section for theft?,AI generated response,2026-07-05T13:16:00,198
CHAT0164,Officer51,Evidence required in cybercrime?,AI generated response,2026-07-01T17:32:00,690
CHAT0165,Officer54,How to file a missing person case?,AI generated response,2026-07-03T15:54:00,1041
CHAT0166,Officer19,How to register an FIR?,AI generated response,2026-07-08T15:24:00,503
CHAT0167,Officer59,How to file a missing person case?,AI generated response,2026-07-02T18:56:00,341
CHAT0168,Officer33,Evidence required in cybercrime?,AI generated response,2026-07-09T18:14:00,665
CHAT0169,Officer82,Evidence required in cybercrime?,AI generated response,2026-07-04T09:32:00,865
CHAT0170,Officer42,Evidence required in cybercrime?,AI generated response,2026-07-07T13:03:00,380
CHAT0171,Officer81,What is the procedure for arrest?,AI generated response,2026-07-07T15:53:00,1031
CHAT0172,Officer68,IPC section for theft?,AI generated response,2026-07-05T12:35:00,326
CHAT0173,Officer31,Evidence required in cybercrime?,AI generated response,2026-07-09T09:23:00,1024
CHAT0174,Officer20,IPC section for theft?,AI generated response,2026-07-09T11:03:00,744
CHAT0175,Officer46,How to file a missing person case?,AI generated response,2026-07-08T10:43:00,937
CHAT0176,Officer63,What is the procedure for arrest?,AI generated response,2026-07-08T13:09:00,244
CHAT0177,Officer81,What is the procedure for arrest?,AI generated response,2026-07-03T17:35:00,776
CHAT0178,Officer33,Evidence required in cybercrime?,AI generated response,2026-07-07T13:46:00,1014
CHAT0179,Officer26,What is the procedure for arrest?,AI generated response,2026-07-01T18:50:00,262
CHAT0180,Officer45,How to file a missing person case?,AI generated response,2026-07-01T13:56:00,235
CHAT0181,Officer63,Evidence required in cybercrime?,AI generated response,2026-07-03T10:22:00,940
CHAT0182,Officer62,How to register an FIR?,AI generated response,2026-07-01T15:13:00,1038
CHAT0183,Officer97,What is the procedure for arrest?,AI generated response,2026-07-06T14:40:00,754
CHAT0184,Officer100,How to register an FIR?,AI generated response,2026-07-02T16:29:00,851
CHAT0185,Officer14,How to register an FIR?,AI generated response,2026-07-05T10:39:00,995
CHAT0186,Officer22,Evidence required in cybercrime?,AI generated response,2026-07-05T16:08:00,366
CHAT0187,Officer11,What is the procedure for arrest?,AI generated response,2026-07-03T10:36:00,1045
CHAT0188,Officer68,IPC section for theft?,AI generated response,2026-07-09T14:44:00,494
CHAT0189,Officer100,How to register an FIR?,AI generated response,2026-07-01T10:34:00,867
CHAT0190,Officer52,How to register an FIR?,AI generated response,2026-07-07T09:01:00,886
CHAT0191,Officer39,IPC section for theft?,AI generated response,2026-07-02T11:29:00,524
CHAT0192,Officer21,What is the procedure for arrest?,AI generated response,2026-07-03T12:48:00,833
CHAT0193,Officer85,How to register an FIR?,AI generated response,2026-07-04T17:15:00,729
CHAT0194,Officer6,Evidence required in cybercrime?,AI generated response,2026-07-05T10:29:00,811
CHAT0195,Officer59,What is the procedure for arrest?,AI generated response,2026-07-03T15:53:00,867
CHAT0196,Officer71,IPC section for theft?,AI generated response,2026-07-09T13:03:00,642
CHAT0197,Officer99,What is the procedure for arrest?,AI generated response,2026-07-03T14:57:00,503
CHAT0198,Officer43,How to file a missing person case?,AI generated response,2026-07-08T13:57:00,785
CHAT0199,Officer14,How to file a missing person case?,AI generated response,2026-07-03T11:11:00,982
CHAT0200,Officer33,How to file a missing person case?,AI generated response,2026-07-09T16:03:00,709
CHAT0201,Officer97,Evidence required in cybercrime?,AI generated response,2026-07-01T18:11:00,168
CHAT0202,Officer14,What is the procedure for arrest?,AI generated response,2026-07-02T12:59:00,362
CHAT0203,Officer14,IPC section for theft?,AI generated response,2026-07-08T18:21:00,1006
CHAT0204,Officer47,Evidence required in cybercrime?,AI generated response,2026-07-07T11:12:00,902
CHAT0205,Officer5,How to file a missing person case?,AI generated response,2026-07-01T11:01:00,656
CHAT0206,Officer79,Evidence required in cybercrime?,AI generated response,2026-07-08T10:38:00,1069
CHAT0207,Officer96,How to file a missing person case?,AI generated response,2026-07-04T17:27:00,784
CHAT0208,Officer61,How to register an FIR?,AI generated response,2026-07-02T10:22:00,981
CHAT0209,Officer79,Evidence required in cybercrime?,AI generated response,2026-07-04T17:34:00,486
CHAT0210,Officer65,How to file a missing person case?,AI generated response,2026-07-06T09:51:00,933
CHAT0211,Officer64,How to register an FIR?,AI generated response,2026-07-02T15:15:00,544
CHAT0212,Officer25,Evidence required in cybercrime?,AI generated response,2026-07-08T10:13:00,227
CHAT0213,Officer47,How to register an FIR?,AI generated response,2026-07-09T10:35:00,379
CHAT0214,Officer49,Evidence required in cybercrime?,AI generated response,2026-07-01T12:47:00,1040
CHAT0215,Officer46,How to register an FIR?,AI generated response,2026-07-03T12:56:00,941
CHAT0216,Officer30,Evidence required in cybercrime?,AI generated response,2026-07-05T13:48:00,224
CHAT0217,Officer26,What is the procedure for arrest?,AI generated response,2026-07-08T11:07:00,769
CHAT0218,Officer88,How to file a missing person case?,AI generated response,2026-07-08T11:20:00,1040
CHAT0219,Officer13,What is the procedure for arrest?,AI generated response,2026-07-02T17:31:00,294
CHAT0220,Officer65,How to register an FIR?,AI generated response,2026-07-04T14:43:00,701
CHAT0221,Officer35,How to file a missing person case?,AI generated response,2026-07-04T10:59:00,368
CHAT0222,Officer84,Evidence required in cybercrime?,AI generated response,2026-07-05T16:44:00,274
CHAT0223,Officer77,How to file a missing person case?,AI generated response,2026-07-09T09:49:00,1158
CHAT0224,Officer4,How to register an FIR?,AI generated response,2026-07-07T14:04:00,612
CHAT0225,Officer38,What is the procedure for arrest?,AI generated response,2026-07-07T14:49:00,954
CHAT0226,Officer26,Evidence required in cybercrime?,AI generated response,2026-07-07T13:40:00,355
CHAT0227,Officer54,How to register an FIR?,AI generated response,2026-07-08T13:51:00,949
CHAT0228,Officer21,How to register an FIR?,AI generated response,2026-07-03T12:03:00,642
CHAT0229,Officer70,What is the procedure for arrest?,AI generated response,2026-07-06T14:13:00,198
CHAT0230,Officer53,IPC section for theft?,AI generated response,2026-07-07T09:45:00,688
CHAT0231,Officer50,How to file a missing person case?,AI generated response,2026-07-07T09:06:00,1049
CHAT0232,Officer71,How to file a missing person case?,AI generated response,2026-07-03T14:33:00,1063
CHAT0233,Officer48,How to register an FIR?,AI generated response,2026-07-04T12:39:00,706
CHAT0234,Officer36,IPC section for theft?,AI generated response,2026-07-04T13:49:00,828
CHAT0235,Officer31,What is the procedure for arrest?,AI generated response,2026-07-04T14:11:00,377
CHAT0236,Officer89,IPC section for theft?,AI generated response,2026-07-02T11:25:00,444
CHAT0237,Officer2,What is the procedure for arrest?,AI generated response,2026-07-05T09:49:00,964
CHAT0238,Officer77,How to register an FIR?,AI generated response,2026-07-06T13:13:00,669
CHAT0239,Officer91,How to file a missing person case?,AI generated response,2026-07-05T14:59:00,868
CHAT0240,Officer2,IPC section for theft?,AI generated response,2026-07-07T13:08:00,548
CHAT0241,Officer13,IPC section for theft?,AI generated response,2026-07-03T10:20:00,466
CHAT0242,Officer34,How to file a missing person case?,AI generated response,2026-07-09T17:24:00,435
CHAT0243,Officer28,How to file a missing person case?,AI generated response,2026-07-02T14:07:00,1084
CHAT0244,Officer94,What is the procedure for arrest?,AI generated response,2026-07-07T15:48:00,1065
CHAT0245,Officer43,What is the procedure for arrest?,AI generated response,2026-07-09T15:57:00,849
CHAT0246,Officer52,IPC section for theft?,AI generated response,2026-07-05T09:45:00,279
CHAT0247,Officer61,Evidence required in cybercrime?,AI generated response,2026-07-05T12:09:00,416
CHAT0248,Officer10,How to register an FIR?,AI generated response,2026-07-06T18:45:00,239
CHAT0249,Officer33,What is the procedure for arrest?,AI generated response,2026-07-01T13:29:00,401
CHAT0250,Officer66,How to register an FIR?,AI generated response,2026-07-08T18:47:00,800
CHAT0251,Officer86,What is the procedure for arrest?,AI generated response,2026-07-07T09:34:00,286
CHAT0252,Officer79,Evidence required in cybercrime?,AI generated response,2026-07-07T16:58:00,388
CHAT0253,Officer84,Evidence required in cybercrime?,AI generated response,2026-07-02T09:35:00,689
CHAT0254,Officer99,Evidence required in cybercrime?,AI generated response,2026-07-03T16:32:00,747
CHAT0255,Officer100,How to register an FIR?,AI generated response,2026-07-01T11:46:00,828
CHAT0256,Officer74,Evidence required in cybercrime?,AI generated response,2026-07-09T10:45:00,487
CHAT0257,Officer91,IPC section for theft?,AI generated response,2026-07-09T17:32:00,536
CHAT0258,Officer75,What is the procedure for arrest?,AI generated response,2026-07-05T15:34:00,970
CHAT0259,Officer55,How to register an FIR?,AI generated response,2026-07-09T16:03:00,1101
CHAT0260,Officer79,How to file a missing person case?,AI generated response,2026-07-06T11:13:00,536
CHAT0261,Officer29,Evidence required in cybercrime?,AI generated response,2026-07-01T15:16:00,615
CHAT0262,Officer64,How to register an FIR?,AI generated response,2026-07-08T18:10:00,836
CHAT0263,Officer1,IPC section for theft?,AI generated response,2026-07-05T10:27:00,1120
CHAT0264,Officer43,What is the procedure for arrest?,AI generated response,2026-07-01T10:58:00,652
CHAT0265,Officer59,How to register an FIR?,AI generated response,2026-07-05T18:40:00,561
CHAT0266,Officer60,IPC section for theft?,AI generated response,2026-07-07T11:04:00,1047
CHAT0267,Officer84,How to register an FIR?,AI generated response,2026-07-06T14:05:00,1178
CHAT0268,Officer45,IPC section for theft?,AI generated response,2026-07-03T13:30:00,677
CHAT0269,Officer80,Evidence required in cybercrime?,AI generated response,2026-07-04T14:35:00,735
CHAT0270,Officer57,How to file a missing person case?,AI generated response,2026-07-09T15:37:00,1025
CHAT0271,Officer97,How to file a missing person case?,AI generated response,2026-07-07T09:56:00,313
CHAT0272,Officer96,Evidence required in cybercrime?,AI generated response,2026-07-04T09:03:00,367
CHAT0273,Officer56,What is the procedure for arrest?,AI generated response,2026-07-09T17:17:00,647
CHAT0274,Officer46,What is the procedure for arrest?,AI generated response,2026-07-01T14:12:00,489
CHAT0275,Officer75,Evidence required in cybercrime?,AI generated response,2026-07-06T14:01:00,996
CHAT0276,Officer35,How to file a missing person case?,AI generated response,2026-07-08T16:05:00,222
CHAT0277,Officer8,Evidence required in cybercrime?,AI generated response,2026-07-01T15:25:00,597
CHAT0278,Officer91,How to register an FIR?,AI generated response,2026-07-04T18:47:00,860
CHAT0279,Officer10,IPC section for theft?,AI generated response,2026-07-07T13:17:00,283
CHAT0280,Officer28,What is the procedure for arrest?,AI generated response,2026-07-05T11:04:00,611
CHAT0281,Officer96,What is the procedure for arrest?,AI generated response,2026-07-09T10:07:00,463
CHAT0282,Officer52,What is the procedure for arrest?,AI generated response,2026-07-05T13:32:00,926
CHAT0283,Officer76,How to file a missing person case?,AI generated response,2026-07-01T09:11:00,792
CHAT0284,Officer49,Evidence required in cybercrime?,AI generated response,2026-07-08T18:31:00,813
CHAT0285,Officer49,IPC section for theft?,AI generated response,2026-07-04T14:07:00,884
CHAT0286,Officer91,IPC section for theft?,AI generated response,2026-07-09T12:20:00,333
CHAT0287,Officer67,How to file a missing person case?,AI generated response,2026-07-02T16:21:00,595
CHAT0288,Officer76,IPC section for theft?,AI generated response,2026-07-03T13:37:00,219
CHAT0289,Officer20,What is the procedure for arrest?,AI generated response,2026-07-05T09:28:00,763
CHAT0290,Officer64,Evidence required in cybercrime?,AI generated response,2026-07-05T15:23:00,781
CHAT0291,Officer92,IPC section for theft?,AI generated response,2026-07-03T15:59:00,977
CHAT0292,Officer100,How to file a missing person case?,AI generated response,2026-07-04T15:13:00,796
CHAT0293,Officer96,What is the procedure for arrest?,AI generated response,2026-07-05T15:40:00,470
CHAT0294,Officer41,How to file a missing person case?,AI generated response,2026-07-01T11:53:00,498
CHAT0295,Officer80,Evidence required in cybercrime?,AI generated response,2026-07-01T14:45:00,630
CHAT0296,Officer46,What is the procedure for arrest?,AI generated response,2026-07-08T09:50:00,720
CHAT0297,Officer54,IPC section for theft?,AI generated response,2026-07-07T09:10:00,1158
CHAT0298,Officer8,Evidence required in cybercrime?,AI generated response,2026-07-05T13:04:00,634
CHAT0299,Officer96,IPC section for theft?,AI generated response,2026-07-08T09:11:00,1088
CHAT0300,Officer44,IPC section for theft?,AI generated response,2026-07-01T09:09:00,657
CHAT0301,Officer29,Evidence required in cybercrime?,AI generated response,2026-07-02T15:24:00,994
CHAT0302,Officer71,IPC section for theft?,AI generated response,2026-07-02T10:04:00,381
CHAT0303,Officer33,How to file a missing person case?,AI generated response,2026-07-04T17:44:00,1118
CHAT0304,Officer1,How to register an FIR?,AI generated response,2026-07-06T18:31:00,702
CHAT0305,Officer17,How to file a missing person case?,AI generated response,2026-07-01T18:15:00,428
CHAT0306,Officer7,What is the procedure for arrest?,AI generated response,2026-07-06T12:29:00,530
CHAT0307,Officer17,What is the procedure for arrest?,AI generated response,2026-07-07T16:52:00,890
CHAT0308,Officer87,IPC section for theft?,AI generated response,2026-07-09T12:59:00,268
CHAT0309,Officer35,How to register an FIR?,AI generated response,2026-07-03T15:45:00,775
CHAT0310,Officer46,Evidence required in cybercrime?,AI generated response,2026-07-08T13:24:00,204
CHAT0311,Officer62,Evidence required in cybercrime?,AI generated response,2026-07-01T14:17:00,565
CHAT0312,Officer54,Evidence required in cybercrime?,AI generated response,2026-07-07T11:54:00,865
CHAT0313,Officer47,IPC section for theft?,AI generated response,2026-07-09T09:27:00,314
CHAT0314,Officer39,Evidence required in cybercrime?,AI generated response,2026-07-04T12:10:00,1015
CHAT0315,Officer91,What is the procedure for arrest?,AI generated response,2026-07-08T13:49:00,925
CHAT0316,Officer90,What is the procedure for arrest?,AI generated response,2026-07-08T16:45:00,1195
CHAT0317,Officer86,What is the procedure for arrest?,AI generated response,2026-07-03T10:51:00,579
CHAT0318,Officer37,Evidence required in cybercrime?,AI generated response,2026-07-07T12:56:00,1084
CHAT0319,Officer52,What is the procedure for arrest?,AI generated response,2026-07-06T09:57:00,759
CHAT0320,Officer48,What is the procedure for arrest?,AI generated response,2026-07-07T09:14:00,1057
CHAT0321,Officer59,How to register an FIR?,AI generated response,2026-07-07T13:00:00,376
CHAT0322,Officer20,What is the procedure for arrest?,AI generated response,2026-07-01T14:11:00,466
CHAT0323,Officer22,What is the procedure for arrest?,AI generated response,2026-07-02T15:46:00,439
CHAT0324,Officer22,How to register an FIR?,AI generated response,2026-07-09T09:49:00,1159
CHAT0325,Officer26,How to file a missing person case?,AI generated response,2026-07-08T10:01:00,742
CHAT0326,Officer40,How to register an FIR?,AI generated response,2026-07-06T15:21:00,307
CHAT0327,Officer68,How to register an FIR?,AI generated response,2026-07-05T09:26:00,349
CHAT0328,Officer84,Evidence required in cybercrime?,AI generated response,2026-07-08T10:21:00,775
CHAT0329,Officer44,How to register an FIR?,AI generated response,2026-07-06T18:12:00,227
CHAT0330,Officer16,What is the procedure for arrest?,AI generated response,2026-07-01T15:59:00,228
CHAT0331,Officer23,How to register an FIR?,AI generated response,2026-07-06T11:32:00,1066
CHAT0332,Officer56,How to file a missing person case?,AI generated response,2026-07-08T11:02:00,598
CHAT0333,Officer78,How to file a missing person case?,AI generated response,2026-07-06T17:17:00,400
CHAT0334,Officer92,How to file a missing person case?,AI generated response,2026-07-09T17:10:00,310
CHAT0335,Officer16,How to file a missing person case?,AI generated response,2026-07-01T16:39:00,838
CHAT0336,Officer12,Evidence required in cybercrime?,AI generated response,2026-07-03T15:18:00,679
CHAT0337,Officer1,How to file a missing person case?,AI generated response,2026-07-02T18:18:00,318
CHAT0338,Officer38,Evidence required in cybercrime?,AI generated response,2026-07-01T18:12:00,421
CHAT0339,Officer88,How to register an FIR?,AI generated response,2026-07-05T11:51:00,264
CHAT0340,Officer51,Evidence required in cybercrime?,AI generated response,2026-07-04T17:01:00,924
CHAT0341,Officer52,What is the procedure for arrest?,AI generated response,2026-07-08T12:33:00,301
CHAT0342,Officer59,How to file a missing person case?,AI generated response,2026-07-05T14:42:00,881
CHAT0343,Officer33,How to file a missing person case?,AI generated response,2026-07-09T15:48:00,836
CHAT0344,Officer43,How to file a missing person case?,AI generated response,2026-07-09T11:59:00,884
CHAT0345,Officer42,IPC section for theft?,AI generated response,2026-07-07T17:16:00,458
CHAT0346,Officer98,Evidence required in cybercrime?,AI generated response,2026-07-07T16:30:00,551
CHAT0347,Officer80,What is the procedure for arrest?,AI generated response,2026-07-09T17:59:00,452
CHAT0348,Officer40,Evidence required in cybercrime?,AI generated response,2026-07-08T12:33:00,800
CHAT0349,Officer14,How to file a missing person case?,AI generated response,2026-07-01T12:19:00,719
CHAT0350,Officer42,IPC section for theft?,AI generated response,2026-07-02T14:19:00,953
CHAT0351,Officer34,How to register an FIR?,AI generated response,2026-07-05T15:58:00,698
CHAT0352,Officer29,How to register an FIR?,AI generated response,2026-07-04T12:27:00,333
CHAT0353,Officer17,How to register an FIR?,AI generated response,2026-07-06T13:39:00,343
CHAT0354,Officer40,How to file a missing person case?,AI generated response,2026-07-02T12:09:00,963
CHAT0355,Officer90,What is the procedure for arrest?,AI generated response,2026-07-09T09:50:00,891
CHAT0356,Officer20,Evidence required in cybercrime?,AI generated response,2026-07-06T10:20:00,941
CHAT0357,Officer67,IPC section for theft?,AI generated response,2026-07-04T14:02:00,1126
CHAT0358,Officer24,What is the procedure for arrest?,AI generated response,2026-07-06T12:37:00,845
CHAT0359,Officer27,How to file a missing person case?,AI generated response,2026-07-05T12:38:00,1043
CHAT0360,Officer67,How to file a missing person case?,AI generated response,2026-07-09T10:52:00,806
CHAT0361,Officer35,Evidence required in cybercrime?,AI generated response,2026-07-02T12:39:00,954
CHAT0362,Officer99,What is the procedure for arrest?,AI generated response,2026-07-05T17:20:00,785
CHAT0363,Officer70,How to file a missing person case?,AI generated response,2026-07-01T14:44:00,763
CHAT0364,Officer93,What is the procedure for arrest?,AI generated response,2026-07-05T12:14:00,1116
CHAT0365,Officer43,How to register an FIR?,AI generated response,2026-07-09T13:24:00,861
CHAT0366,Officer28,How to register an FIR?,AI generated response,2026-07-09T17:13:00,664
CHAT0367,Officer48,How to register an FIR?,AI generated response,2026-07-04T11:56:00,1099
CHAT0368,Officer18,Evidence required in cybercrime?,AI generated response,2026-07-09T17:14:00,1161
CHAT0369,Officer33,How to file a missing person case?,AI generated response,2026-07-07T18:09:00,765
CHAT0370,Officer62,How to file a missing person case?,AI generated response,2026-07-05T11:37:00,161
CHAT0371,Officer37,IPC section for theft?,AI generated response,2026-07-07T12:08:00,827
CHAT0372,Officer99,How to file a missing person case?,AI generated response,2026-07-03T17:51:00,681
CHAT0373,Officer29,Evidence required in cybercrime?,AI generated response,2026-07-01T17:08:00,626
CHAT0374,Officer87,What is the procedure for arrest?,AI generated response,2026-07-07T18:28:00,323
CHAT0375,Officer31,How to file a missing person case?,AI generated response,2026-07-02T15:17:00,528
CHAT0376,Officer49,How to register an FIR?,AI generated response,2026-07-02T16:20:00,1058
CHAT0377,Officer96,Evidence required in cybercrime?,AI generated response,2026-07-08T14:55:00,790
CHAT0378,Officer44,IPC section for theft?,AI generated response,2026-07-08T12:41:00,255
CHAT0379,Officer25,How to register an FIR?,AI generated response,2026-07-09T13:33:00,556
CHAT0380,Officer31,How to file a missing person case?,AI generated response,2026-07-07T12:33:00,496
CHAT0381,Officer96,How to register an FIR?,AI generated response,2026-07-04T10:28:00,302
CHAT0382,Officer2,How to register an FIR?,AI generated response,2026-07-02T14:18:00,492
CHAT0383,Officer13,How to register an FIR?,AI generated response,2026-07-05T11:26:00,334
CHAT0384,Officer20,How to file a missing person case?,AI generated response,2026-07-02T11:39:00,788
CHAT0385,Officer62,Evidence required in cybercrime?,AI generated response,2026-07-08T16:52:00,958
CHAT0386,Officer78,Evidence required in cybercrime?,AI generated response,2026-07-09T10:44:00,197
CHAT0387,Officer89,IPC section for theft?,AI generated response,2026-07-05T15:54:00,310
CHAT0388,Officer36,IPC section for theft?,AI generated response,2026-07-02T11:47:00,177
CHAT0389,Officer84,IPC section for theft?,AI generated response,2026-07-02T17:32:00,1105
CHAT0390,Officer30,What is the procedure for arrest?,AI generated response,2026-07-06T11:03:00,726
CHAT0391,Officer56,Evidence required in cybercrime?,AI generated response,2026-07-06T09:21:00,848
CHAT0392,Officer86,Evidence required in cybercrime?,AI generated response,2026-07-07T14:05:00,205
CHAT0393,Officer56,What is the procedure for arrest?,AI generated response,2026-07-02T16:51:00,352
CHAT0394,Officer46,How to register an FIR?,AI generated response,2026-07-03T09:44:00,986
CHAT0395,Officer33,IPC section for theft?,AI generated response,2026-07-09T17:15:00,1005
CHAT0396,Officer71,Evidence required in cybercrime?,AI generated response,2026-07-01T17:44:00,216
CHAT0397,Officer66,Evidence required in cybercrime?,AI generated response,2026-07-03T16:38:00,611
CHAT0398,Officer81,Evidence required in cybercrime?,AI generated response,2026-07-03T15:11:00,1180
CHAT0399,Officer32,How to register an FIR?,AI generated response,2026-07-08T16:12:00,510
CHAT0400,Officer92,Evidence required in cybercrime?,AI generated response,2026-07-05T09:51:00,400
CHAT0401,Officer23,Evidence required in cybercrime?,AI generated response,2026-07-01T17:10:00,376
CHAT0402,Officer32,What is the procedure for arrest?,AI generated response,2026-07-04T13:06:00,838
CHAT0403,Officer44,How to register an FIR?,AI generated response,2026-07-01T15:33:00,1026
CHAT0404,Officer76,Evidence required in cybercrime?,AI generated response,2026-07-09T14:54:00,962
CHAT0405,Officer57,IPC section for theft?,AI generated response,2026-07-02T10:48:00,275
CHAT0406,Officer96,What is the procedure for arrest?,AI generated response,2026-07-06T18:56:00,390
CHAT0407,Officer63,IPC section for theft?,AI generated response,2026-07-03T09:48:00,775
CHAT0408,Officer75,How to file a missing person case?,AI generated response,2026-07-03T16:24:00,962
CHAT0409,Officer69,What is the procedure for arrest?,AI generated response,2026-07-04T16:27:00,308
CHAT0410,Officer97,What is the procedure for arrest?,AI generated response,2026-07-09T09:07:00,1035
CHAT0411,Officer4,Evidence required in cybercrime?,AI generated response,2026-07-07T11:50:00,993
CHAT0412,Officer53,What is the procedure for arrest?,AI generated response,2026-07-09T13:08:00,726
CHAT0413,Officer83,How to file a missing person case?,AI generated response,2026-07-07T15:00:00,205
CHAT0414,Officer41,How to file a missing person case?,AI generated response,2026-07-06T18:41:00,1119
CHAT0415,Officer85,Evidence required in cybercrime?,AI generated response,2026-07-04T17:04:00,626
CHAT0416,Officer3,How to register an FIR?,AI generated response,2026-07-04T11:27:00,580
CHAT0417,Officer86,How to register an FIR?,AI generated response,2026-07-07T10:43:00,722
CHAT0418,Officer68,How to file a missing person case?,AI generated response,2026-07-09T12:14:00,848
CHAT0419,Officer82,What is the procedure for arrest?,AI generated response,2026-07-09T10:32:00,786
CHAT0420,Officer69,IPC section for theft?,AI generated response,2026-07-02T16:25:00,871
CHAT0421,Officer14,Evidence required in cybercrime?,AI generated response,2026-07-02T17:29:00,665
CHAT0422,Officer25,Evidence required in cybercrime?,AI generated response,2026-07-08T16:36:00,270
CHAT0423,Officer100,How to file a missing person case?,AI generated response,2026-07-05T18:18:00,804
CHAT0424,Officer54,How to file a missing person case?,AI generated response,2026-07-05T18:12:00,859
CHAT0425,Officer30,Evidence required in cybercrime?,AI generated response,2026-07-07T17:05:00,938
CHAT0426,Officer54,How to register an FIR?,AI generated response,2026-07-05T12:06:00,1072
CHAT0427,Officer59,How to register an FIR?,AI generated response,2026-07-09T15:04:00,972
CHAT0428,Officer22,IPC section for theft?,AI generated response,2026-07-01T17:54:00,486
CHAT0429,Officer62,How to register an FIR?,AI generated response,2026-07-04T14:11:00,875
CHAT0430,Officer10,How to file a missing person case?,AI generated response,2026-07-03T17:36:00,253
CHAT0431,Officer89,How to register an FIR?,AI generated response,2026-07-01T13:47:00,151
CHAT0432,Officer33,IPC section for theft?,AI generated response,2026-07-08T13:39:00,745
CHAT0433,Officer94,How to file a missing person case?,AI generated response,2026-07-09T11:48:00,1055
CHAT0434,Officer6,Evidence required in cybercrime?,AI generated response,2026-07-03T10:24:00,172
CHAT0435,Officer1,IPC section for theft?,AI generated response,2026-07-05T10:42:00,948
CHAT0436,Officer29,What is the procedure for arrest?,AI generated response,2026-07-08T13:24:00,353
CHAT0437,Officer92,IPC section for theft?,AI generated response,2026-07-01T09:07:00,834
CHAT0438,Officer2,How to file a missing person case?,AI generated response,2026-07-08T18:54:00,299
CHAT0439,Officer54,IPC section for theft?,AI generated response,2026-07-04T09:23:00,916
CHAT0440,Officer4,What is the procedure for arrest?,AI generated response,2026-07-04T15:21:00,739
CHAT0441,Officer49,How to file a missing person case?,AI generated response,2026-07-08T18:16:00,1028
CHAT0442,Officer92,What is the procedure for arrest?,AI generated response,2026-07-08T13:56:00,213
CHAT0443,Officer42,Evidence required in cybercrime?,AI generated response,2026-07-07T10:46:00,1017
CHAT0444,Officer27,Evidence required in cybercrime?,AI generated response,2026-07-04T13:17:00,175
CHAT0445,Officer95,What is the procedure for arrest?,AI generated response,2026-07-01T11:48:00,349
CHAT0446,Officer35,How to register an FIR?,AI generated response,2026-07-07T10:16:00,949
CHAT0447,Officer100,IPC section for theft?,AI generated response,2026-07-07T17:54:00,756
CHAT0448,Officer58,Evidence required in cybercrime?,AI generated response,2026-07-01T14:36:00,447
CHAT0449,Officer99,How to register an FIR?,AI generated response,2026-07-03T15:14:00,449
CHAT0450,Officer44,IPC section for theft?,AI generated response,2026-07-06T16:47:00,1139
CHAT0451,Officer99,How to file a missing person case?,AI generated response,2026-07-09T14:48:00,1158
CHAT0452,Officer31,How to register an FIR?,AI generated response,2026-07-04T15:28:00,150
CHAT0453,Officer92,How to register an FIR?,AI generated response,2026-07-03T09:39:00,529
CHAT0454,Officer99,Evidence required in cybercrime?,AI generated response,2026-07-03T11:41:00,897
CHAT0455,Officer27,How to register an FIR?,AI generated response,2026-07-05T16:36:00,494
CHAT0456,Officer91,Evidence required in cybercrime?,AI generated response,2026-07-01T11:45:00,1145
CHAT0457,Officer24,Evidence required in cybercrime?,AI generated response,2026-07-07T10:07:00,611
CHAT0458,Officer2,What is the procedure for arrest?,AI generated response,2026-07-01T15:04:00,1057
CHAT0459,Officer83,How to file a missing person case?,AI generated response,2026-07-01T11:20:00,1147
CHAT0460,Officer60,IPC section for theft?,AI generated response,2026-07-05T13:54:00,250
CHAT0461,Officer8,IPC section for theft?,AI generated response,2026-07-04T12:14:00,928
CHAT0462,Officer51,How to file a missing person case?,AI generated response,2026-07-08T14:27:00,596
CHAT0463,Officer14,How to register an FIR?,AI generated response,2026-07-05T14:34:00,698
CHAT0464,Officer63,How to register an FIR?,AI generated response,2026-07-06T14:08:00,837
CHAT0465,Officer77,Evidence required in cybercrime?,AI generated response,2026-07-08T17:41:00,850
CHAT0466,Officer100,IPC section for theft?,AI generated response,2026-07-05T15:33:00,783
CHAT0467,Officer31,Evidence required in cybercrime?,AI generated response,2026-07-02T18:15:00,889
CHAT0468,Officer44,How to register an FIR?,AI generated response,2026-07-03T09:20:00,740
CHAT0469,Officer69,What is the procedure for arrest?,AI generated response,2026-07-05T14:37:00,570
CHAT0470,Officer71,How to file a missing person case?,AI generated response,2026-07-03T12:03:00,312
CHAT0471,Officer91,How to file a missing person case?,AI generated response,2026-07-04T15:57:00,418
CHAT0472,Officer74,Evidence required in cybercrime?,AI generated response,2026-07-08T17:40:00,1151
CHAT0473,Officer32,How to file a missing person case?,AI generated response,2026-07-05T14:58:00,1105
CHAT0474,Officer46,What is the procedure for arrest?,AI generated response,2026-07-04T11:29:00,576
CHAT0475,Officer20,Evidence required in cybercrime?,AI generated response,2026-07-05T16:54:00,443
CHAT0476,Officer90,How to file a missing person case?,AI generated response,2026-07-09T12:59:00,994
CHAT0477,Officer10,How to register an FIR?,AI generated response,2026-07-08T18:28:00,1068
CHAT0478,Officer16,Evidence required in cybercrime?,AI generated response,2026-07-01T17:22:00,216
CHAT0479,Officer15,IPC section for theft?,AI generated response,2026-07-07T10:54:00,1057
CHAT0480,Officer93,What is the procedure for arrest?,AI generated response,2026-07-04T11:07:00,593
CHAT0481,Officer24,How to file a missing person case?,AI generated response,2026-07-02T09:37:00,656
CHAT0482,Officer39,Evidence required in cybercrime?,AI generated response,2026-07-05T15:10:00,480
CHAT0483,Officer10,How to register an FIR?,AI generated response,2026-07-02T16:34:00,617
CHAT0484,Officer83,Evidence required in cybercrime?,AI generated response,2026-07-06T11:45:00,1195
CHAT0485,Officer34,How to file a missing person case?,AI generated response,2026-07-06T15:40:00,621
CHAT0486,Officer33,How to register an FIR?,AI generated response,2026-07-04T18:06:00,817
CHAT0487,Officer23,Evidence required in cybercrime?,AI generated response,2026-07-06T15:01:00,227
CHAT0488,Officer88,Evidence required in cybercrime?,AI generated response,2026-07-01T17:46:00,308
CHAT0489,Officer84,What is the procedure for arrest?,AI generated response,2026-07-09T12:33:00,253
CHAT0490,Officer24,How to file a missing person case?,AI generated response,2026-07-06T09:01:00,822
CHAT0491,Officer22,IPC section for theft?,AI generated response,2026-07-01T18:45:00,710
CHAT0492,Officer20,Evidence required in cybercrime?,AI generated response,2026-07-04T15:35:00,1096
CHAT0493,Officer33,What is the procedure for arrest?,AI generated response,2026-07-09T13:09:00,1181
CHAT0494,Officer7,What is the procedure for arrest?,AI generated response,2026-07-05T11:02:00,212
CHAT0495,Officer6,How to register an FIR?,AI generated response,2026-07-09T12:31:00,1072
CHAT0496,Officer40,IPC section for theft?,AI generated response,2026-07-08T17:10:00,1120
CHAT0497,Officer38,What is the procedure for arrest?,AI generated response,2026-07-09T15:15:00,1011
CHAT0498,Officer46,Evidence required in cybercrime?,AI generated response,2026-07-04T16:07:00,1171
CHAT0499,Officer22,Evidence required in cybercrime?,AI generated response,2026-07-01T09:23:00,608
CHAT0500,Officer97,IPC section for theft?,AI generated response,2026-07-07T15:52:00,700
CHAT0501,Officer37,What is the procedure for arrest?,AI generated response,2026-07-06T16:08:00,680
CHAT0502,Officer72,How to register an FIR?,AI generated response,2026-07-07T18:38:00,961
CHAT0503,Officer71,How to register an FIR?,AI generated response,2026-07-05T10:54:00,1043
CHAT0504,Officer5,What is the procedure for arrest?,AI generated response,2026-07-08T17:56:00,910
CHAT0505,Officer25,How to register an FIR?,AI generated response,2026-07-03T15:36:00,708
CHAT0506,Officer39,How to register an FIR?,AI generated response,2026-07-09T12:17:00,753
CHAT0507,Officer16,Evidence required in cybercrime?,AI generated response,2026-07-05T14:20:00,688
CHAT0508,Officer52,IPC section for theft?,AI generated response,2026-07-03T17:35:00,777
CHAT0509,Officer11,How to register an FIR?,AI generated response,2026-07-02T12:17:00,394
CHAT0510,Officer71,Evidence required in cybercrime?,AI generated response,2026-07-01T13:27:00,981
CHAT0511,Officer47,IPC section for theft?,AI generated response,2026-07-08T11:41:00,797
CHAT0512,Officer84,IPC section for theft?,AI generated response,2026-07-04T14:41:00,672
CHAT0513,Officer33,Evidence required in cybercrime?,AI generated response,2026-07-06T16:59:00,947
CHAT0514,Officer88,How to file a missing person case?,AI generated response,2026-07-09T09:09:00,1118
CHAT0515,Officer29,What is the procedure for arrest?,AI generated response,2026-07-04T09:36:00,784
CHAT0516,Officer98,IPC section for theft?,AI generated response,2026-07-04T12:12:00,302
CHAT0517,Officer5,What is the procedure for arrest?,AI generated response,2026-07-01T16:44:00,176
CHAT0518,Officer81,How to register an FIR?,AI generated response,2026-07-02T15:53:00,1148
CHAT0519,Officer34,How to register an FIR?,AI generated response,2026-07-08T16:43:00,897
CHAT0520,Officer20,IPC section for theft?,AI generated response,2026-07-05T11:46:00,1080
CHAT0521,Officer74,How to register an FIR?,AI generated response,2026-07-01T16:03:00,474
CHAT0522,Officer7,IPC section for theft?,AI generated response,2026-07-01T15:13:00,470
CHAT0523,Officer88,How to register an FIR?,AI generated response,2026-07-05T11:08:00,1028
CHAT0524,Officer89,How to file a missing person case?,AI generated response,2026-07-05T10:26:00,1161
CHAT0525,Officer73,How to file a missing person case?,AI generated response,2026-07-09T16:29:00,350
CHAT0526,Officer32,How to file a missing person case?,AI generated response,2026-07-07T18:42:00,761
CHAT0527,Officer40,Evidence required in cybercrime?,AI generated response,2026-07-06T13:08:00,217
CHAT0528,Officer83,How to file a missing person case?,AI generated response,2026-07-08T13:31:00,436
CHAT0529,Officer23,IPC section for theft?,AI generated response,2026-07-06T13:01:00,661
CHAT0530,Officer25,What is the procedure for arrest?,AI generated response,2026-07-03T17:58:00,913
CHAT0531,Officer36,How to file a missing person case?,AI generated response,2026-07-03T15:42:00,790
CHAT0532,Officer83,Evidence required in cybercrime?,AI generated response,2026-07-03T11:58:00,1034
CHAT0533,Officer93,IPC section for theft?,AI generated response,2026-07-01T10:26:00,676
CHAT0534,Officer36,How to register an FIR?,AI generated response,2026-07-06T15:15:00,943
CHAT0535,Officer51,How to file a missing person case?,AI generated response,2026-07-02T15:08:00,824
CHAT0536,Officer66,Evidence required in cybercrime?,AI generated response,2026-07-02T13:15:00,818
CHAT0537,Officer94,IPC section for theft?,AI generated response,2026-07-08T14:53:00,998
CHAT0538,Officer85,How to register an FIR?,AI generated response,2026-07-09T10:03:00,517
CHAT0539,Officer87,Evidence required in cybercrime?,AI generated response,2026-07-02T09:29:00,338
CHAT0540,Officer31,How to register an FIR?,AI generated response,2026-07-01T13:32:00,1056
CHAT0541,Officer41,IPC section for theft?,AI generated response,2026-07-04T15:29:00,286
CHAT0542,Officer82,How to file a missing person case?,AI generated response,2026-07-05T11:07:00,499
CHAT0543,Officer88,IPC section for theft?,AI generated response,2026-07-09T16:43:00,1113
CHAT0544,Officer30,What is the procedure for arrest?,AI generated response,2026-07-05T15:15:00,870
CHAT0545,Officer93,Evidence required in cybercrime?,AI generated response,2026-07-06T17:07:00,632
CHAT0546,Officer40,IPC section for theft?,AI generated response,2026-07-06T14:43:00,956
CHAT0547,Officer23,How to file a missing person case?,AI generated response,2026-07-03T13:14:00,943
CHAT0548,Officer33,How to file a missing person case?,AI generated response,2026-07-09T17:05:00,374
CHAT0549,Officer51,Evidence required in cybercrime?,AI generated response,2026-07-07T12:50:00,724
CHAT0550,Officer82,How to register an FIR?,AI generated response,2026-07-09T13:16:00,687
CHAT0551,Officer54,How to register an FIR?,AI generated response,2026-07-05T13:42:00,543
CHAT0552,Officer23,IPC section for theft?,AI generated response,2026-07-05T10:55:00,793
CHAT0553,Officer87,IPC section for theft?,AI generated response,2026-07-09T12:20:00,652
CHAT0554,Officer24,Evidence required in cybercrime?,AI generated response,2026-07-06T15:50:00,329
CHAT0555,Officer33,What is the procedure for arrest?,AI generated response,2026-07-08T15:20:00,1073
CHAT0556,Officer6,Evidence required in cybercrime?,AI generated response,2026-07-04T10:50:00,661
CHAT0557,Officer38,Evidence required in cybercrime?,AI generated response,2026-07-01T14:06:00,374
CHAT0558,Officer12,How to file a missing person case?,AI generated response,2026-07-07T15:52:00,227
CHAT0559,Officer13,Evidence required in cybercrime?,AI generated response,2026-07-07T17:39:00,1103
CHAT0560,Officer5,Evidence required in cybercrime?,AI generated response,2026-07-06T16:02:00,279
CHAT0561,Officer13,What is the procedure for arrest?,AI generated response,2026-07-08T13:31:00,953
CHAT0562,Officer12,What is the procedure for arrest?,AI generated response,2026-07-07T16:06:00,778
CHAT0563,Officer94,How to file a missing person case?,AI generated response,2026-07-03T12:31:00,410
CHAT0564,Officer48,How to file a missing person case?,AI generated response,2026-07-09T16:26:00,790
CHAT0565,Officer61,What is the procedure for arrest?,AI generated response,2026-07-05T13:23:00,229
CHAT0566,Officer99,What is the procedure for arrest?,AI generated response,2026-07-07T15:36:00,978
CHAT0567,Officer27,IPC section for theft?,AI generated response,2026-07-07T10:11:00,303
CHAT0568,Officer22,What is the procedure for arrest?,AI generated response,2026-07-03T14:47:00,454
CHAT0569,Officer59,What is the procedure for arrest?,AI generated response,2026-07-02T13:59:00,403
CHAT0570,Officer100,How to register an FIR?,AI generated response,2026-07-07T16:18:00,558
CHAT0571,Officer51,Evidence required in cybercrime?,AI generated response,2026-07-07T13:52:00,1166
CHAT0572,Officer61,What is the procedure for arrest?,AI generated response,2026-07-01T16:09:00,916
CHAT0573,Officer11,How to file a missing person case?,AI generated response,2026-07-04T17:01:00,414
CHAT0574,Officer76,How to register an FIR?,AI generated response,2026-07-08T18:01:00,832
CHAT0575,Officer52,IPC section for theft?,AI generated response,2026-07-05T11:44:00,1002
CHAT0576,Officer51,What is the procedure for arrest?,AI generated response,2026-07-02T11:08:00,1051
CHAT0577,Officer44,IPC section for theft?,AI generated response,2026-07-09T15:38:00,895
CHAT0578,Officer68,How to register an FIR?,AI generated response,2026-07-06T09:36:00,979
CHAT0579,Officer22,What is the procedure for arrest?,AI generated response,2026-07-07T13:27:00,459
CHAT0580,Officer58,How to register an FIR?,AI generated response,2026-07-04T15:44:00,1078
CHAT0581,Officer13,What is the procedure for arrest?,AI generated response,2026-07-05T09:48:00,1102
CHAT0582,Officer93,Evidence required in cybercrime?,AI generated response,2026-07-09T15:14:00,247
CHAT0583,Officer35,What is the procedure for arrest?,AI generated response,2026-07-01T10:55:00,227
CHAT0584,Officer44,How to file a missing person case?,AI generated response,2026-07-06T09:27:00,921
CHAT0585,Officer67,How to register an FIR?,AI generated response,2026-07-03T16:00:00,797
CHAT0586,Officer34,Evidence required in cybercrime?,AI generated response,2026-07-08T16:24:00,684
CHAT0587,Officer45,Evidence required in cybercrime?,AI generated response,2026-07-01T11:51:00,1124
CHAT0588,Officer19,How to register an FIR?,AI generated response,2026-07-01T16:03:00,370
CHAT0589,Officer4,How to register an FIR?,AI generated response,2026-07-08T10:30:00,246
CHAT0590,Officer77,How to register an FIR?,AI generated response,2026-07-06T11:04:00,530
CHAT0591,Officer97,IPC section for theft?,AI generated response,2026-07-06T10:03:00,1036
CHAT0592,Officer52,Evidence required in cybercrime?,AI generated response,2026-07-07T16:11:00,1188
CHAT0593,Officer62,How to register an FIR?,AI generated response,2026-07-04T13:07:00,667
CHAT0594,Officer47,What is the procedure for arrest?,AI generated response,2026-07-06T12:52:00,565
CHAT0595,Officer62,What is the procedure for arrest?,AI generated response,2026-07-08T18:43:00,909
CHAT0596,Officer5,How to register an FIR?,AI generated response,2026-07-04T14:27:00,906
CHAT0597,Officer79,How to register an FIR?,AI generated response,2026-07-08T10:14:00,159
CHAT0598,Officer98,What is the procedure for arrest?,AI generated response,2026-07-04T16:57:00,827
CHAT0599,Officer40,Evidence required in cybercrime?,AI generated response,2026-07-01T12:48:00,1099
CHAT0600,Officer40,What is the procedure for arrest?,AI generated response,2026-07-02T16:11:00,692
CHAT0601,Officer83,How to file a missing person case?,AI generated response,2026-07-01T16:13:00,712
CHAT0602,Officer64,How to register an FIR?,AI generated response,2026-07-06T13:21:00,804
CHAT0603,Officer7,IPC section for theft?,AI generated response,2026-07-05T14:10:00,630
CHAT0604,Officer33,How to register an FIR?,AI generated response,2026-07-04T11:32:00,1002
CHAT0605,Officer83,How to file a missing person case?,AI generated response,2026-07-01T14:30:00,366
CHAT0606,Officer96,IPC section for theft?,AI generated response,2026-07-06T14:25:00,436
CHAT0607,Officer4,How to register an FIR?,AI generated response,2026-07-05T15:16:00,1149
CHAT0608,Officer86,How to file a missing person case?,AI generated response,2026-07-01T18:10:00,244
CHAT0609,Officer100,Evidence required in cybercrime?,AI generated response,2026-07-02T12:01:00,162
CHAT0610,Officer75,How to file a missing person case?,AI generated response,2026-07-08T09:49:00,177
CHAT0611,Officer12,What is the procedure for arrest?,AI generated response,2026-07-05T18:00:00,755
CHAT0612,Officer61,IPC section for theft?,AI generated response,2026-07-09T17:28:00,1015
CHAT0613,Officer95,How to file a missing person case?,AI generated response,2026-07-09T17:00:00,227
CHAT0614,Officer2,What is the procedure for arrest?,AI generated response,2026-07-07T16:53:00,779
CHAT0615,Officer75,How to file a missing person case?,AI generated response,2026-07-02T16:15:00,1102
CHAT0616,Officer80,How to register an FIR?,AI generated response,2026-07-08T11:14:00,424
CHAT0617,Officer90,What is the procedure for arrest?,AI generated response,2026-07-01T11:20:00,821
CHAT0618,Officer96,How to register an FIR?,AI generated response,2026-07-06T13:21:00,726
CHAT0619,Officer49,What is the procedure for arrest?,AI generated response,2026-07-04T13:29:00,741
CHAT0620,Officer85,How to register an FIR?,AI generated response,2026-07-03T10:45:00,235
CHAT0621,Officer26,IPC section for theft?,AI generated response,2026-07-01T10:24:00,921
CHAT0622,Officer78,Evidence required in cybercrime?,AI generated response,2026-07-01T18:02:00,285
CHAT0623,Officer16,IPC section for theft?,AI generated response,2026-07-04T12:40:00,528
CHAT0624,Officer93,IPC section for theft?,AI generated response,2026-07-02T18:25:00,895
CHAT0625,Officer17,IPC section for theft?,AI generated response,2026-07-09T18:41:00,175
CHAT0626,Officer47,IPC section for theft?,AI generated response,2026-07-01T18:41:00,244
CHAT0627,Officer39,What is the procedure for arrest?,AI generated response,2026-07-08T18:08:00,546
CHAT0628,Officer99,How to register an FIR?,AI generated response,2026-07-03T18:00:00,599
CHAT0629,Officer61,Evidence required in cybercrime?,AI generated response,2026-07-08T11:19:00,222
CHAT0630,Officer52,IPC section for theft?,AI generated response,2026-07-06T11:36:00,241
CHAT0631,Officer67,Evidence required in cybercrime?,AI generated response,2026-07-08T17:35:00,506
CHAT0632,Officer16,What is the procedure for arrest?,AI generated response,2026-07-05T10:29:00,842
CHAT0633,Officer100,How to register an FIR?,AI generated response,2026-07-04T16:06:00,1040
CHAT0634,Officer11,IPC section for theft?,AI generated response,2026-07-08T11:20:00,906
CHAT0635,Officer74,Evidence required in cybercrime?,AI generated response,2026-07-07T14:40:00,720
CHAT0636,Officer60,What is the procedure for arrest?,AI generated response,2026-07-05T14:21:00,1039
CHAT0637,Officer99,IPC section for theft?,AI generated response,2026-07-08T12:17:00,810
CHAT0638,Officer28,How to file a missing person case?,AI generated response,2026-07-03T17:39:00,620
CHAT0639,Officer88,Evidence required in cybercrime?,AI generated response,2026-07-08T17:52:00,741
CHAT0640,Officer20,How to register an FIR?,AI generated response,2026-07-08T13:18:00,753
CHAT0641,Officer6,IPC section for theft?,AI generated response,2026-07-05T15:18:00,828
CHAT0642,Officer49,IPC section for theft?,AI generated response,2026-07-05T17:28:00,188
CHAT0643,Officer86,IPC section for theft?,AI generated response,2026-07-02T18:09:00,276
CHAT0644,Officer63,How to file a missing person case?,AI generated response,2026-07-02T15:43:00,957
CHAT0645,Officer62,Evidence required in cybercrime?,AI generated response,2026-07-01T18:37:00,875
CHAT0646,Officer7,What is the procedure for arrest?,AI generated response,2026-07-03T15:51:00,235
CHAT0647,Officer78,IPC section for theft?,AI generated response,2026-07-09T09:50:00,1092
CHAT0648,Officer12,How to file a missing person case?,AI generated response,2026-07-03T18:08:00,234
CHAT0649,Officer87,How to register an FIR?,AI generated response,2026-07-04T11:16:00,966
CHAT0650,Officer29,How to file a missing person case?,AI generated response,2026-07-07T13:48:00,226
CHAT0651,Officer67,Evidence required in cybercrime?,AI generated response,2026-07-06T12:50:00,237
CHAT0652,Officer55,What is the procedure for arrest?,AI generated response,2026-07-04T18:12:00,245
CHAT0653,Officer39,IPC section for theft?,AI generated response,2026-07-05T15:38:00,988
CHAT0654,Officer70,Evidence required in cybercrime?,AI generated response,2026-07-01T09:06:00,376
CHAT0655,Officer40,Evidence required in cybercrime?,AI generated response,2026-07-06T09:37:00,584
CHAT0656,Officer22,How to register an FIR?,AI generated response,2026-07-09T13:14:00,165
CHAT0657,Officer64,How to file a missing person case?,AI generated response,2026-07-02T13:26:00,1086
CHAT0658,Officer28,IPC section for theft?,AI generated response,2026-07-06T10:06:00,501
CHAT0659,Officer84,IPC section for theft?,AI generated response,2026-07-03T11:58:00,289
CHAT0660,Officer62,What is the procedure for arrest?,AI generated response,2026-07-02T17:08:00,398
CHAT0661,Officer37,Evidence required in cybercrime?,AI generated response,2026-07-05T16:03:00,540
CHAT0662,Officer32,IPC section for theft?,AI generated response,2026-07-01T12:43:00,439
CHAT0663,Officer81,How to register an FIR?,AI generated response,2026-07-05T16:35:00,151
CHAT0664,Officer16,What is the procedure for arrest?,AI generated response,2026-07-03T16:22:00,756
CHAT0665,Officer19,How to register an FIR?,AI generated response,2026-07-03T13:11:00,322
CHAT0666,Officer57,Evidence required in cybercrime?,AI generated response,2026-07-03T12:09:00,1068
CHAT0667,Officer14,How to register an FIR?,AI generated response,2026-07-09T14:39:00,487
CHAT0668,Officer56,What is the procedure for arrest?,AI generated response,2026-07-01T16:38:00,442
CHAT0669,Officer64,How to register an FIR?,AI generated response,2026-07-06T11:56:00,170
CHAT0670,Officer58,What is the procedure for arrest?,AI generated response,2026-07-07T14:47:00,838
CHAT0671,Officer54,How to file a missing person case?,AI generated response,2026-07-06T14:54:00,1187
CHAT0672,Officer92,Evidence required in cybercrime?,AI generated response,2026-07-05T10:22:00,886
CHAT0673,Officer51,What is the procedure for arrest?,AI generated response,2026-07-08T18:47:00,878
CHAT0674,Officer92,What is the procedure for arrest?,AI generated response,2026-07-05T09:10:00,500
CHAT0675,Officer61,Evidence required in cybercrime?,AI generated response,2026-07-03T14:37:00,221
CHAT0676,Officer50,How to register an FIR?,AI generated response,2026-07-08T13:33:00,858
CHAT0677,Officer81,How to file a missing person case?,AI generated response,2026-07-05T15:03:00,688
CHAT0678,Officer71,Evidence required in cybercrime?,AI generated response,2026-07-08T11:40:00,294
CHAT0679,Officer70,IPC section for theft?,AI generated response,2026-07-06T09:20:00,1048
CHAT0680,Officer22,Evidence required in cybercrime?,AI generated response,2026-07-06T10:22:00,825
CHAT0681,Officer98,How to register an FIR?,AI generated response,2026-07-08T18:55:00,598
CHAT0682,Officer1,How to file a missing person case?,AI generated response,2026-07-05T09:22:00,513
CHAT0683,Officer63,How to file a missing person case?,AI generated response,2026-07-05T11:14:00,1179
CHAT0684,Officer72,How to file a missing person case?,AI generated response,2026-07-07T10:25:00,1099
CHAT0685,Officer44,How to file a missing person case?,AI generated response,2026-07-08T12:05:00,639
CHAT0686,Officer63,What is the procedure for arrest?,AI generated response,2026-07-09T17:31:00,205
CHAT0687,Officer1,How to file a missing person case?,AI generated response,2026-07-04T16:02:00,571
CHAT0688,Officer68,IPC section for theft?,AI generated response,2026-07-09T17:45:00,280
CHAT0689,Officer53,How to file a missing person case?,AI generated response,2026-07-08T12:43:00,195
CHAT0690,Officer54,IPC section for theft?,AI generated response,2026-07-09T18:58:00,989
CHAT0691,Officer10,IPC section for theft?,AI generated response,2026-07-04T15:56:00,254
CHAT0692,Officer24,How to file a missing person case?,AI generated response,2026-07-07T17:39:00,1070
CHAT0693,Officer63,What is the procedure for arrest?,AI generated response,2026-07-02T13:05:00,988
CHAT0694,Officer51,How to register an FIR?,AI generated response,2026-07-09T18:43:00,590
CHAT0695,Officer19,Evidence required in cybercrime?,AI generated response,2026-07-09T13:50:00,1042
CHAT0696,Officer33,How to file a missing person case?,AI generated response,2026-07-03T10:30:00,790
CHAT0697,Officer15,IPC section for theft?,AI generated response,2026-07-02T10:42:00,233
CHAT0698,Officer32,Evidence required in cybercrime?,AI generated response,2026-07-05T09:08:00,934
CHAT0699,Officer85,Evidence required in cybercrime?,AI generated response,2026-07-06T17:12:00,1100
CHAT0700,Officer7,How to register an FIR?,AI generated response,2026-07-02T12:44:00,749
CHAT0701,Officer24,IPC section for theft?,AI generated response,2026-07-01T16:24:00,714
CHAT0702,Officer13,What is the procedure for arrest?,AI generated response,2026-07-05T17:43:00,1108
CHAT0703,Officer60,Evidence required in cybercrime?,AI generated response,2026-07-05T09:53:00,802
CHAT0704,Officer66,How to register an FIR?,AI generated response,2026-07-07T12:39:00,1042
CHAT0705,Officer9,Evidence required in cybercrime?,AI generated response,2026-07-07T11:59:00,495
CHAT0706,Officer24,How to file a missing person case?,AI generated response,2026-07-05T16:47:00,378
CHAT0707,Officer95,Evidence required in cybercrime?,AI generated response,2026-07-07T12:34:00,759
CHAT0708,Officer1,How to file a missing person case?,AI generated response,2026-07-09T13:54:00,827
CHAT0709,Officer25,Evidence required in cybercrime?,AI generated response,2026-07-08T10:30:00,674
CHAT0710,Officer87,What is the procedure for arrest?,AI generated response,2026-07-06T10:38:00,316
CHAT0711,Officer31,How to file a missing person case?,AI generated response,2026-07-08T17:38:00,1041
CHAT0712,Officer9,How to register an FIR?,AI generated response,2026-07-08T16:20:00,1035
CHAT0713,Officer14,IPC section for theft?,AI generated response,2026-07-09T09:14:00,709
CHAT0714,Officer63,IPC section for theft?,AI generated response,2026-07-08T16:34:00,759
CHAT0715,Officer89,Evidence required in cybercrime?,AI generated response,2026-07-06T17:28:00,1106
CHAT0716,Officer27,How to register an FIR?,AI generated response,2026-07-09T14:25:00,329
CHAT0717,Officer72,Evidence required in cybercrime?,AI generated response,2026-07-09T09:15:00,193
CHAT0718,Officer91,How to register an FIR?,AI generated response,2026-07-07T17:31:00,947
CHAT0719,Officer40,Evidence required in cybercrime?,AI generated response,2026-07-04T16:53:00,165
CHAT0720,Officer95,What is the procedure for arrest?,AI generated response,2026-07-05T13:22:00,822
CHAT0721,Officer76,IPC section for theft?,AI generated response,2026-07-08T16:51:00,196
CHAT0722,Officer78,How to file a missing person case?,AI generated response,2026-07-04T11:36:00,767
CHAT0723,Officer70,IPC section for theft?,AI generated response,2026-07-02T12:42:00,163
CHAT0724,Officer75,Evidence required in cybercrime?,AI generated response,2026-07-06T11:41:00,823
CHAT0725,Officer73,What is the procedure for arrest?,AI generated response,2026-07-08T14:19:00,833
CHAT0726,Officer40,Evidence required in cybercrime?,AI generated response,2026-07-01T11:23:00,797
CHAT0727,Officer26,Evidence required in cybercrime?,AI generated response,2026-07-05T10:58:00,1004
CHAT0728,Officer41,IPC section for theft?,AI generated response,2026-07-03T14:14:00,1037
CHAT0729,Officer33,How to register an FIR?,AI generated response,2026-07-03T13:00:00,898
CHAT0730,Officer69,What is the procedure for arrest?,AI generated response,2026-07-09T12:03:00,900
CHAT0731,Officer42,How to register an FIR?,AI generated response,2026-07-01T12:17:00,933
CHAT0732,Officer31,How to register an FIR?,AI generated response,2026-07-03T15:32:00,801
CHAT0733,Officer69,What is the procedure for arrest?,AI generated response,2026-07-02T15:34:00,300
CHAT0734,Officer64,What is the procedure for arrest?,AI generated response,2026-07-04T09:13:00,1127
CHAT0735,Officer5,How to file a missing person case?,AI generated response,2026-07-08T15:25:00,422
CHAT0736,Officer66,Evidence required in cybercrime?,AI generated response,2026-07-09T09:16:00,756
CHAT0737,Officer66,How to file a missing person case?,AI generated response,2026-07-03T16:51:00,464
CHAT0738,Officer87,How to register an FIR?,AI generated response,2026-07-08T09:00:00,568
CHAT0739,Officer22,Evidence required in cybercrime?,AI generated response,2026-07-04T18:24:00,1179
CHAT0740,Officer82,Evidence required in cybercrime?,AI generated response,2026-07-08T14:11:00,507
CHAT0741,Officer89,What is the procedure for arrest?,AI generated response,2026-07-07T18:14:00,590
CHAT0742,Officer98,IPC section for theft?,AI generated response,2026-07-03T10:00:00,727
CHAT0743,Officer64,IPC section for theft?,AI generated response,2026-07-09T10:03:00,548
CHAT0744,Officer92,IPC section for theft?,AI generated response,2026-07-03T14:47:00,718
CHAT0745,Officer31,Evidence required in cybercrime?,AI generated response,2026-07-05T11:57:00,1019
CHAT0746,Officer70,What is the procedure for arrest?,AI generated response,2026-07-09T09:47:00,851
CHAT0747,Officer65,How to register an FIR?,AI generated response,2026-07-01T16:36:00,348
CHAT0748,Officer2,How to register an FIR?,AI generated response,2026-07-09T13:23:00,592
CHAT0749,Officer69,What is the procedure for arrest?,AI generated response,2026-07-04T14:57:00,332
CHAT0750,Officer38,What is the procedure for arrest?,AI generated response,2026-07-04T18:50:00,1061
CHAT0751,Officer13,IPC section for theft?,AI generated response,2026-07-03T11:54:00,865
CHAT0752,Officer33,IPC section for theft?,AI generated response,2026-07-06T12:20:00,322
CHAT0753,Officer34,How to file a missing person case?,AI generated response,2026-07-04T16:18:00,1084
CHAT0754,Officer41,Evidence required in cybercrime?,AI generated response,2026-07-06T12:58:00,991
CHAT0755,Officer21,IPC section for theft?,AI generated response,2026-07-09T13:58:00,684
CHAT0756,Officer55,Evidence required in cybercrime?,AI generated response,2026-07-01T12:19:00,927
CHAT0757,Officer90,Evidence required in cybercrime?,AI generated response,2026-07-09T18:17:00,1125
CHAT0758,Officer10,How to register an FIR?,AI generated response,2026-07-01T17:58:00,414
CHAT0759,Officer2,How to file a missing person case?,AI generated response,2026-07-08T09:15:00,1047
CHAT0760,Officer35,IPC section for theft?,AI generated response,2026-07-06T13:39:00,629
CHAT0761,Officer68,What is the procedure for arrest?,AI generated response,2026-07-09T17:20:00,335
CHAT0762,Officer10,What is the procedure for arrest?,AI generated response,2026-07-01T13:09:00,1049
CHAT0763,Officer79,How to register an FIR?,AI generated response,2026-07-01T15:08:00,977
CHAT0764,Officer99,How to register an FIR?,AI generated response,2026-07-07T17:30:00,770
CHAT0765,Officer57,How to register an FIR?,AI generated response,2026-07-03T18:36:00,910
CHAT0766,Officer96,How to file a missing person case?,AI generated response,2026-07-08T10:27:00,1197
CHAT0767,Officer26,Evidence required in cybercrime?,AI generated response,2026-07-08T12:43:00,656
CHAT0768,Officer93,Evidence required in cybercrime?,AI generated response,2026-07-05T17:41:00,382
CHAT0769,Officer68,How to file a missing person case?,AI generated response,2026-07-01T12:19:00,1006
CHAT0770,Officer15,IPC section for theft?,AI generated response,2026-07-06T12:44:00,554
CHAT0771,Officer91,Evidence required in cybercrime?,AI generated response,2026-07-02T10:02:00,978
CHAT0772,Officer14,What is the procedure for arrest?,AI generated response,2026-07-02T16:51:00,1065
CHAT0773,Officer64,What is the procedure for arrest?,AI generated response,2026-07-07T09:20:00,703
CHAT0774,Officer5,How to file a missing person case?,AI generated response,2026-07-08T16:18:00,870
CHAT0775,Officer89,How to register an FIR?,AI generated response,2026-07-03T10:43:00,1199
CHAT0776,Officer98,IPC section for theft?,AI generated response,2026-07-06T13:17:00,299
CHAT0777,Officer37,Evidence required in cybercrime?,AI generated response,2026-07-08T16:51:00,1121
CHAT0778,Officer60,IPC section for theft?,AI generated response,2026-07-05T15:05:00,763
CHAT0779,Officer12,How to register an FIR?,AI generated response,2026-07-01T11:52:00,697
CHAT0780,Officer35,How to register an FIR?,AI generated response,2026-07-04T18:48:00,399
CHAT0781,Officer93,Evidence required in cybercrime?,AI generated response,2026-07-02T10:05:00,709
CHAT0782,Officer43,What is the procedure for arrest?,AI generated response,2026-07-02T10:33:00,796
CHAT0783,Officer79,Evidence required in cybercrime?,AI generated response,2026-07-05T15:31:00,928
CHAT0784,Officer45,IPC section for theft?,AI generated response,2026-07-09T15:29:00,437
CHAT0785,Officer98,IPC section for theft?,AI generated response,2026-07-06T15:15:00,472
CHAT0786,Officer47,What is the procedure for arrest?,AI generated response,2026-07-08T13:11:00,794
CHAT0787,Officer86,How to file a missing person case?,AI generated response,2026-07-04T14:31:00,392
CHAT0788,Officer15,Evidence required in cybercrime?,AI generated response,2026-07-01T11:38:00,297
CHAT0789,Officer55,IPC section for theft?,AI generated response,2026-07-09T13:34:00,1083
CHAT0790,Officer44,IPC section for theft?,AI generated response,2026-07-05T13:20:00,606
CHAT0791,Officer44,Evidence required in cybercrime?,AI generated response,2026-07-06T18:50:00,482
CHAT0792,Officer35,Evidence required in cybercrime?,AI generated response,2026-07-07T14:12:00,866
CHAT0793,Officer77,IPC section for theft?,AI generated response,2026-07-02T15:16:00,554
CHAT0794,Officer93,Evidence required in cybercrime?,AI generated response,2026-07-08T13:15:00,282
CHAT0795,Officer58,How to file a missing person case?,AI generated response,2026-07-01T18:11:00,504
CHAT0796,Officer65,What is the procedure for arrest?,AI generated response,2026-07-08T11:56:00,409
CHAT0797,Officer39,What is the procedure for arrest?,AI generated response,2026-07-09T09:29:00,1168
CHAT0798,Officer70,How to file a missing person case?,AI generated response,2026-07-04T13:30:00,474
CHAT0799,Officer10,IPC section for theft?,AI generated response,2026-07-05T13:36:00,417
CHAT0800,Officer43,IPC section for theft?,AI generated response,2026-07-09T11:35:00,940
CHAT0801,Officer78,IPC section for theft?,AI generated response,2026-07-06T11:18:00,375
CHAT0802,Officer82,What is the procedure for arrest?,AI generated response,2026-07-02T14:00:00,210
CHAT0803,Officer35,How to register an FIR?,AI generated response,2026-07-08T14:16:00,616
CHAT0804,Officer13,IPC section for theft?,AI generated response,2026-07-04T17:40:00,172
CHAT0805,Officer69,IPC section for theft?,AI generated response,2026-07-04T12:27:00,972
CHAT0806,Officer34,How to register an FIR?,AI generated response,2026-07-04T15:58:00,942
CHAT0807,Officer17,What is the procedure for arrest?,AI generated response,2026-07-08T12:39:00,778
CHAT0808,Officer43,How to register an FIR?,AI generated response,2026-07-04T17:15:00,957
CHAT0809,Officer28,How to file a missing person case?,AI generated response,2026-07-04T09:31:00,714
CHAT0810,Officer61,Evidence required in cybercrime?,AI generated response,2026-07-08T15:34:00,491
CHAT0811,Officer82,How to register an FIR?,AI generated response,2026-07-08T15:05:00,233
CHAT0812,Officer8,Evidence required in cybercrime?,AI generated response,2026-07-03T18:44:00,283
CHAT0813,Officer17,How to register an FIR?,AI generated response,2026-07-08T14:41:00,739
CHAT0814,Officer39,Evidence required in cybercrime?,AI generated response,2026-07-08T11:06:00,1197
CHAT0815,Officer45,How to register an FIR?,AI generated response,2026-07-06T16:40:00,261
CHAT0816,Officer96,What is the procedure for arrest?,AI generated response,2026-07-09T14:21:00,753
CHAT0817,Officer70,How to file a missing person case?,AI generated response,2026-07-02T12:45:00,711
CHAT0818,Officer46,What is the procedure for arrest?,AI generated response,2026-07-08T16:56:00,495
CHAT0819,Officer51,IPC section for theft?,AI generated response,2026-07-09T16:20:00,1196
CHAT0820,Officer12,What is the procedure for arrest?,AI generated response,2026-07-06T12:53:00,627
CHAT0821,Officer58,Evidence required in cybercrime?,AI generated response,2026-07-04T10:52:00,508
CHAT0822,Officer95,How to file a missing person case?,AI generated response,2026-07-05T10:54:00,491
CHAT0823,Officer25,Evidence required in cybercrime?,AI generated response,2026-07-08T14:46:00,746
CHAT0824,Officer91,What is the procedure for arrest?,AI generated response,2026-07-04T12:06:00,698
CHAT0825,Officer16,Evidence required in cybercrime?,AI generated response,2026-07-06T18:00:00,1053
CHAT0826,Officer73,How to file a missing person case?,AI generated response,2026-07-05T14:38:00,199
CHAT0827,Officer51,Evidence required in cybercrime?,AI generated response,2026-07-06T09:59:00,1091
CHAT0828,Officer50,How to file a missing person case?,AI generated response,2026-07-07T18:48:00,399
CHAT0829,Officer95,How to file a missing person case?,AI generated response,2026-07-08T10:13:00,354
CHAT0830,Officer36,How to register an FIR?,AI generated response,2026-07-06T16:47:00,355
CHAT0831,Officer56,IPC section for theft?,AI generated response,2026-07-02T14:31:00,700
CHAT0832,Officer43,How to register an FIR?,AI generated response,2026-07-04T12:22:00,494
CHAT0833,Officer57,How to file a missing person case?,AI generated response,2026-07-01T15:23:00,344
CHAT0834,Officer78,What is the procedure for arrest?,AI generated response,2026-07-05T12:04:00,971
CHAT0835,Officer42,Evidence required in cybercrime?,AI generated response,2026-07-01T12:07:00,361
CHAT0836,Officer56,IPC section for theft?,AI generated response,2026-07-05T13:31:00,199
CHAT0837,Officer82,Evidence required in cybercrime?,AI generated response,2026-07-04T11:02:00,978
CHAT0838,Officer33,IPC section for theft?,AI generated response,2026-07-07T18:29:00,228
CHAT0839,Officer82,How to file a missing person case?,AI generated response,2026-07-03T14:03:00,287
CHAT0840,Officer90,How to register an FIR?,AI generated response,2026-07-06T13:28:00,497
CHAT0841,Officer12,How to file a missing person case?,AI generated response,2026-07-02T18:04:00,604
CHAT0842,Officer21,What is the procedure for arrest?,AI generated response,2026-07-05T14:16:00,820
CHAT0843,Officer62,IPC section for theft?,AI generated response,2026-07-09T15:52:00,890
CHAT0844,Officer2,Evidence required in cybercrime?,AI generated response,2026-07-08T15:36:00,386
CHAT0845,Officer52,Evidence required in cybercrime?,AI generated response,2026-07-07T17:50:00,259
CHAT0846,Officer11,How to file a missing person case?,AI generated response,2026-07-03T17:58:00,1158
CHAT0847,Officer67,IPC section for theft?,AI generated response,2026-07-02T11:07:00,868
CHAT0848,Officer53,Evidence required in cybercrime?,AI generated response,2026-07-08T11:11:00,1037
CHAT0849,Officer22,How to file a missing person case?,AI generated response,2026-07-07T15:37:00,736
CHAT0850,Officer12,How to register an FIR?,AI generated response,2026-07-02T15:19:00,675
CHAT0851,Officer73,IPC section for theft?,AI generated response,2026-07-09T11:48:00,791
CHAT0852,Officer22,What is the procedure for arrest?,AI generated response,2026-07-08T18:09:00,683
CHAT0853,Officer92,What is the procedure for arrest?,AI generated response,2026-07-03T13:36:00,1028
CHAT0854,Officer18,IPC section for theft?,AI generated response,2026-07-05T09:40:00,1163
CHAT0855,Officer64,How to file a missing person case?,AI generated response,2026-07-07T17:49:00,503
CHAT0856,Officer66,Evidence required in cybercrime?,AI generated response,2026-07-08T13:33:00,834
CHAT0857,Officer26,How to register an FIR?,AI generated response,2026-07-06T15:36:00,1031
CHAT0858,Officer47,Evidence required in cybercrime?,AI generated response,2026-07-05T12:51:00,1165
CHAT0859,Officer86,Evidence required in cybercrime?,AI generated response,2026-07-03T10:55:00,1161
CHAT0860,Officer41,IPC section for theft?,AI generated response,2026-07-02T18:15:00,183
CHAT0861,Officer25,IPC section for theft?,AI generated response,2026-07-08T17:52:00,562
CHAT0862,Officer50,IPC section for theft?,AI generated response,2026-07-03T09:03:00,425
CHAT0863,Officer88,IPC section for theft?,AI generated response,2026-07-09T11:33:00,768
CHAT0864,Officer11,Evidence required in cybercrime?,AI generated response,2026-07-08T10:58:00,1160
CHAT0865,Officer14,How to file a missing person case?,AI generated response,2026-07-01T10:30:00,789
CHAT0866,Officer59,How to file a missing person case?,AI generated response,2026-07-06T14:59:00,1081
CHAT0867,Officer67,What is the procedure for arrest?,AI generated response,2026-07-01T17:46:00,846
CHAT0868,Officer22,IPC section for theft?,AI generated response,2026-07-02T12:17:00,885
CHAT0869,Officer96,How to file a missing person case?,AI generated response,2026-07-08T13:32:00,936
CHAT0870,Officer6,How to register an FIR?,AI generated response,2026-07-02T18:37:00,1177
CHAT0871,Officer51,How to register an FIR?,AI generated response,2026-07-04T13:42:00,420
CHAT0872,Officer55,How to file a missing person case?,AI generated response,2026-07-01T14:00:00,894
CHAT0873,Officer40,Evidence required in cybercrime?,AI generated response,2026-07-09T17:29:00,1009
CHAT0874,Officer45,What is the procedure for arrest?,AI generated response,2026-07-01T16:52:00,1013
CHAT0875,Officer41,What is the procedure for arrest?,AI generated response,2026-07-04T13:46:00,189
CHAT0876,Officer53,IPC section for theft?,AI generated response,2026-07-09T18:37:00,593
CHAT0877,Officer30,IPC section for theft?,AI generated response,2026-07-06T17:29:00,1093
CHAT0878,Officer46,How to register an FIR?,AI generated response,2026-07-09T10:03:00,621
CHAT0879,Officer79,How to register an FIR?,AI generated response,2026-07-06T17:21:00,498
CHAT0880,Officer74,How to file a missing person case?,AI generated response,2026-07-06T10:42:00,656
CHAT0881,Officer91,IPC section for theft?,AI generated response,2026-07-06T15:56:00,763
CHAT0882,Officer85,How to file a missing person case?,AI generated response,2026-07-08T16:22:00,200
CHAT0883,Officer4,Evidence required in cybercrime?,AI generated response,2026-07-05T15:10:00,564
CHAT0884,Officer21,What is the procedure for arrest?,AI generated response,2026-07-09T16:31:00,573
CHAT0885,Officer34,How to register an FIR?,AI generated response,2026-07-05T18:34:00,986
CHAT0886,Officer95,How to file a missing person case?,AI generated response,2026-07-01T10:32:00,1105
CHAT0887,Officer65,How to file a missing person case?,AI generated response,2026-07-06T14:14:00,1158
CHAT0888,Officer62,How to register an FIR?,AI generated response,2026-07-05T09:40:00,1085
CHAT0889,Officer70,How to file a missing person case?,AI generated response,2026-07-03T18:26:00,219
CHAT0890,Officer35,How to file a missing person case?,AI generated response,2026-07-05T12:20:00,1063
CHAT0891,Officer41,What is the procedure for arrest?,AI generated response,2026-07-08T17:50:00,1105
CHAT0892,Officer86,How to file a missing person case?,AI generated response,2026-07-02T12:27:00,658
CHAT0893,Officer26,Evidence required in cybercrime?,AI generated response,2026-07-09T17:53:00,351
CHAT0894,Officer7,How to register an FIR?,AI generated response,2026-07-04T13:58:00,246
CHAT0895,Officer73,Evidence required in cybercrime?,AI generated response,2026-07-05T12:05:00,813
CHAT0896,Officer27,IPC section for theft?,AI generated response,2026-07-04T13:22:00,885
CHAT0897,Officer51,Evidence required in cybercrime?,AI generated response,2026-07-03T10:32:00,876
CHAT0898,Officer82,How to register an FIR?,AI generated response,2026-07-08T14:46:00,481
CHAT0899,Officer3,IPC section for theft?,AI generated response,2026-07-02T11:52:00,392
CHAT0900,Officer51,How to file a missing person case?,AI generated response,2026-07-06T15:52:00,526
CHAT0901,Officer19,What is the procedure for arrest?,AI generated response,2026-07-04T18:20:00,580
CHAT0902,Officer27,Evidence required in cybercrime?,AI generated response,2026-07-08T16:47:00,339
CHAT0903,Officer76,Evidence required in cybercrime?,AI generated response,2026-07-06T13:56:00,494
CHAT0904,Officer63,What is the procedure for arrest?,AI generated response,2026-07-08T10:13:00,557
CHAT0905,Officer15,What is the procedure for arrest?,AI generated response,2026-07-07T15:06:00,764
CHAT0906,Officer58,How to file a missing person case?,AI generated response,2026-07-01T11:14:00,907
CHAT0907,Officer65,Evidence required in cybercrime?,AI generated response,2026-07-06T14:54:00,813
CHAT0908,Officer84,Evidence required in cybercrime?,AI generated response,2026-07-08T18:44:00,994
CHAT0909,Officer15,IPC section for theft?,AI generated response,2026-07-01T15:00:00,1164
CHAT0910,Officer74,What is the procedure for arrest?,AI generated response,2026-07-01T16:45:00,853
CHAT0911,Officer18,IPC section for theft?,AI generated response,2026-07-06T09:30:00,402
CHAT0912,Officer99,How to file a missing person case?,AI generated response,2026-07-03T11:02:00,866
CHAT0913,Officer60,How to file a missing person case?,AI generated response,2026-07-04T09:59:00,299
CHAT0914,Officer43,Evidence required in cybercrime?,AI generated response,2026-07-08T18:40:00,1123
CHAT0915,Officer13,How to register an FIR?,AI generated response,2026-07-05T17:18:00,637
CHAT0916,Officer46,How to file a missing person case?,AI generated response,2026-07-06T12:11:00,171
CHAT0917,Officer60,IPC section for theft?,AI generated response,2026-07-05T18:44:00,663
CHAT0918,Officer24,How to register an FIR?,AI generated response,2026-07-01T12:03:00,1071
CHAT0919,Officer82,How to file a missing person case?,AI generated response,2026-07-08T09:36:00,430
CHAT0920,Officer36,How to register an FIR?,AI generated response,2026-07-09T12:44:00,508
CHAT0921,Officer83,IPC section for theft?,AI generated response,2026-07-03T17:58:00,294
CHAT0922,Officer73,IPC section for theft?,AI generated response,2026-07-07T18:14:00,495
CHAT0923,Officer40,IPC section for theft?,AI generated response,2026-07-01T16:45:00,281
CHAT0924,Officer99,Evidence required in cybercrime?,AI generated response,2026-07-04T14:32:00,444
CHAT0925,Officer12,How to file a missing person case?,AI generated response,2026-07-08T11:52:00,547
CHAT0926,Officer32,Evidence required in cybercrime?,AI generated response,2026-07-02T09:38:00,1183
CHAT0927,Officer21,How to file a missing person case?,AI generated response,2026-07-08T10:20:00,1125
CHAT0928,Officer22,IPC section for theft?,AI generated response,2026-07-02T15:25:00,955
CHAT0929,Officer43,Evidence required in cybercrime?,AI generated response,2026-07-02T11:52:00,693
CHAT0930,Officer99,IPC section for theft?,AI generated response,2026-07-07T17:06:00,712
CHAT0931,Officer65,How to register an FIR?,AI generated response,2026-07-06T15:09:00,1022
CHAT0932,Officer13,Evidence required in cybercrime?,AI generated response,2026-07-09T13:54:00,544
CHAT0933,Officer46,How to file a missing person case?,AI generated response,2026-07-09T10:56:00,374
CHAT0934,Officer34,IPC section for theft?,AI generated response,2026-07-03T11:04:00,155
CHAT0935,Officer70,Evidence required in cybercrime?,AI generated response,2026-07-01T10:24:00,644
CHAT0936,Officer61,How to register an FIR?,AI generated response,2026-07-04T14:03:00,1041
CHAT0937,Officer60,IPC section for theft?,AI generated response,2026-07-01T11:52:00,1142
CHAT0938,Officer34,IPC section for theft?,AI generated response,2026-07-07T13:16:00,250
CHAT0939,Officer64,What is the procedure for arrest?,AI generated response,2026-07-01T15:22:00,414
CHAT0940,Officer69,How to register an FIR?,AI generated response,2026-07-05T11:21:00,959
CHAT0941,Officer86,IPC section for theft?,AI generated response,2026-07-06T16:26:00,444
CHAT0942,Officer73,IPC section for theft?,AI generated response,2026-07-09T18:21:00,289
CHAT0943,Officer93,How to register an FIR?,AI generated response,2026-07-07T10:23:00,192
CHAT0944,Officer16,What is the procedure for arrest?,AI generated response,2026-07-08T12:46:00,781
CHAT0945,Officer14,Evidence required in cybercrime?,AI generated response,2026-07-08T12:28:00,814
CHAT0946,Officer61,Evidence required in cybercrime?,AI generated response,2026-07-07T11:13:00,962
CHAT0947,Officer75,How to file a missing person case?,AI generated response,2026-07-08T11:00:00,1178
CHAT0948,Officer73,IPC section for theft?,AI generated response,2026-07-06T14:59:00,929
CHAT0949,Officer58,Evidence required in cybercrime?,AI generated response,2026-07-05T16:25:00,710
CHAT0950,Officer2,What is the procedure for arrest?,AI generated response,2026-07-08T10:32:00,1058
CHAT0951,Officer72,How to register an FIR?,AI generated response,2026-07-03T12:07:00,154
CHAT0952,Officer26,How to file a missing person case?,AI generated response,2026-07-06T12:12:00,456
CHAT0953,Officer36,How to register an FIR?,AI generated response,2026-07-08T12:27:00,471
CHAT0954,Officer75,IPC section for theft?,AI generated response,2026-07-09T16:26:00,746
CHAT0955,Officer92,IPC section for theft?,AI generated response,2026-07-01T10:24:00,839
CHAT0956,Officer12,What is the procedure for arrest?,AI generated response,2026-07-09T15:53:00,184
CHAT0957,Officer95,Evidence required in cybercrime?,AI generated response,2026-07-07T09:58:00,637
CHAT0958,Officer97,IPC section for theft?,AI generated response,2026-07-05T15:28:00,646
CHAT0959,Officer90,How to file a missing person case?,AI generated response,2026-07-04T16:45:00,486
CHAT0960,Officer38,What is the procedure for arrest?,AI generated response,2026-07-07T15:35:00,824
CHAT0961,Officer33,What is the procedure for arrest?,AI generated response,2026-07-08T12:00:00,539
CHAT0962,Officer15,IPC section for theft?,AI generated response,2026-07-06T10:42:00,869
CHAT0963,Officer6,How to file a missing person case?,AI generated response,2026-07-02T17:46:00,567
CHAT0964,Officer36,IPC section for theft?,AI generated response,2026-07-06T15:50:00,749
CHAT0965,Officer63,Evidence required in cybercrime?,AI generated response,2026-07-05T09:04:00,790
CHAT0966,Officer9,How to file a missing person case?,AI generated response,2026-07-03T09:19:00,362
CHAT0967,Officer1,Evidence required in cybercrime?,AI generated response,2026-07-01T10:12:00,843
CHAT0968,Officer67,What is the procedure for arrest?,AI generated response,2026-07-03T14:34:00,998
CHAT0969,Officer12,What is the procedure for arrest?,AI generated response,2026-07-07T12:00:00,1118
CHAT0970,Officer47,Evidence required in cybercrime?,AI generated response,2026-07-07T13:26:00,961
CHAT0971,Officer63,How to file a missing person case?,AI generated response,2026-07-06T17:06:00,1162
CHAT0972,Officer21,Evidence required in cybercrime?,AI generated response,2026-07-03T18:45:00,561
CHAT0973,Officer84,How to file a missing person case?,AI generated response,2026-07-07T11:56:00,498
CHAT0974,Officer85,How to file a missing person case?,AI generated response,2026-07-02T10:13:00,523
CHAT0975,Officer72,Evidence required in cybercrime?,AI generated response,2026-07-03T09:17:00,231
CHAT0976,Officer42,How to register an FIR?,AI generated response,2026-07-04T10:04:00,426
CHAT0977,Officer94,How to file a missing person case?,AI generated response,2026-07-04T14:26:00,665
CHAT0978,Officer74,IPC section for theft?,AI generated response,2026-07-08T09:39:00,508
CHAT0979,Officer78,IPC section for theft?,AI generated response,2026-07-04T10:37:00,789
CHAT0980,Officer88,Evidence required in cybercrime?,AI generated response,2026-07-04T17:33:00,1147
CHAT0981,Officer42,IPC section for theft?,AI generated response,2026-07-08T10:37:00,427
CHAT0982,Officer26,What is the procedure for arrest?,AI generated response,2026-07-04T10:36:00,911
CHAT0983,Officer13,How to file a missing person case?,AI generated response,2026-07-07T15:44:00,913
CHAT0984,Officer49,Evidence required in cybercrime?,AI generated response,2026-07-07T18:51:00,343
CHAT0985,Officer68,IPC section for theft?,AI generated response,2026-07-07T10:26:00,884
CHAT0986,Officer33,IPC section for theft?,AI generated response,2026-07-08T16:59:00,794
CHAT0987,Officer97,Evidence required in cybercrime?,AI generated response,2026-07-01T11:05:00,1179
CHAT0988,Officer51,How to file a missing person case?,AI generated response,2026-07-05T16:16:00,242
CHAT0989,Officer30,Evidence required in cybercrime?,AI generated response,2026-07-04T17:20:00,267
CHAT0990,Officer83,Evidence required in cybercrime?,AI generated response,2026-07-09T13:26:00,665
CHAT0991,Officer73,What is the procedure for arrest?,AI generated response,2026-07-09T09:01:00,510
CHAT0992,Officer51,Evidence required in cybercrime?,AI generated response,2026-07-09T10:17:00,332
CHAT0993,Officer62,How to file a missing person case?,AI generated response,2026-07-05T14:13:00,272
CHAT0994,Officer67,Evidence required in cybercrime?,AI generated response,2026-07-01T14:27:00,1024
CHAT0995,Officer44,What is the procedure for arrest?,AI generated response,2026-07-03T13:04:00,1128
CHAT0996,Officer28,How to register an FIR?,AI generated response,2026-07-09T13:03:00,708
CHAT0997,Officer61,Evidence required in cybercrime?,AI generated response,2026-07-07T11:27:00,553
CHAT0998,Officer30,IPC section for theft?,AI generated response,2026-07-05T13:05:00,1181
CHAT0999,Officer79,How to file a missing person case?,AI generated response,2026-07-02T10:47:00,1005
CHAT1000,Officer92,How to file a missing person case?,AI generated response,2026-07-03T14:04:00,512
