criminal_id,name,age,gender,aadhaar,phone,address,district,previous_firs,arrest_history,status
CR0001,Person1,33,Female,XXXX XXXX 1001,9806398997,House 1,Karimnagar,3,No,Active
CR0002,Person2,54,Male,XXXX XXXX 1002,9003200565,House 2,Warangal,3,Yes,Released
CR0003,Person3,29,Female,XXXX XXXX 1003,9382748754,House 3,Hyderabad,4,No,Active
CR0004,Person4,28,Male,XXXX XXXX 1004,9811584448,House 4,Medchal-Malkajgiri,3,No,Active
CR0005,Person5,22,Female,XXXX XXXX 1005,9144034830,House 5,Karimnagar,1,Yes,Active
CR0006,Person6,46,Male,XXXX XXXX 1006,9049933008,House 6,Medchal-Malkajgiri,4,Yes,Released
CR0007,Person7,23,Male,XXXX XXXX 1007,9256191500,House 7,Karimnagar,2,Yes,Active
CR0008,Person8,60,Female,XXXX XXXX 1008,9254804150,House 8,Karimnagar,5,No,Released
CR0009,Person9,34,Female,XXXX XXXX 1009,9029571991,House 9,Medchal-Malkajgiri,0,Yes,Released
CR0010,Person10,49,Female,XXXX XXXX 1010,9019418795,House 10,Medchal-Malkajgiri,2,No,Active
CR0011,Person11,38,Male,XXXX XXXX 1011,9985289373,House 11,Rangareddy,0,No,Active
CR0012,Person12,58,Female,XXXX XXXX 1012,9395513884,House 12,Karimnagar,5,Yes,Released
CR0013,Person13,55,Female,XXXX XXXX 1013,9935830195,House 13,Rangareddy,4,Yes,Released
CR0014,Person14,39,Male,XXXX XXXX 1014,9721033894,House 14,Warangal,0,No,Released
CR0015,Person15,55,Male,XXXX XXXX 1015,9298500195,House 15,Rangareddy,3,No,Released
CR0016,Person16,51,Female,XXXX XXXX 1016,9060832153,House 16,Karimnagar,4,No,Active
CR0017,Person17,58,Male,XXXX XXXX 1017,9398455329,House 17,Hyderabad,5,Yes,Active
CR0018,Person18,22,Female,XXXX XXXX 1018,9826431070,House 18,Hyderabad,4,Yes,Released
CR0019,Person19,47,Female,XXXX XXXX 1019,9403709790,House 19,Hyderabad,5,No,Released
CR0020,Person20,48,Male,XXXX XXXX 1020,9903702569,House 20,Warangal,0,Yes,Released
CR0021,Person21,42,Male,XXXX XXXX 1021,9045333271,House 21,Medchal-Malkajgiri,5,Yes,Active
CR0022,Person22,54,Male,XXXX XXXX 1022,9653834019,House 22,Karimnagar,1,Yes,Active
CR0023,Person23,33,Female,XXXX XXXX 1023,9672396632,House 23,Medchal-Malkajgiri,1,Yes,Released
CR0024,Person24,33,Male,XXXX XXXX 1024,9476061359,House 24,Rangareddy,2,No,Released
CR0025,Person25,22,Male,XXXX XXXX 1025,9523883020,House 25,Hyderabad,2,No,Active
CR0026,Person26,29,Male,XXXX XXXX 1026,9890819247,House 26,Warangal,3,Yes,Released
CR0027,Person27,55,Male,XXXX XXXX 1027,9631073650,House 27,Rangareddy,1,No,Active
CR0028,Person28,27,Male,XXXX XXXX 1028,9558666381,House 28,Rangareddy,2,No,Released
CR0029,Person29,44,Female,XXXX XXXX 1029,9969616778,House 29,Rangareddy,1,Yes,Active
CR0030,Person30,47,Male,XXXX XXXX 1030,9836098212,House 30,Rangareddy,5,Yes,Released
CR0031,Person31,29,Female,XXXX XXXX 1031,9722715826,House 31,Rangareddy,4,No,Active
CR0032,Person32,58,Male,XXXX XXXX 1032,9016356826,House 32,Hyderabad,1,Yes,Active
CR0033,Person33,56,Male,XXXX XXXX 1033,9357055287,House 33,Hyderabad,1,No,Active
CR0034,Person34,30,Female,XXXX XXXX 1034,9309390272,House 34,Hyderabad,1,Yes,Released
CR0035,Person35,57,Male,XXXX XXXX 1035,9180492227,House 35,Warangal,0,No,Released
CR0036,Person36,24,Female,XXXX XXXX 1036,9900454376,House 36,Rangareddy,0,No,Active
CR0037,Person37,23,Female,XXXX XXXX 1037,9679477120,House 37,Warangal,3,No,Released
CR0038,Person38,49,Female,XXXX XXXX 1038,9134197258,House 38,Hyderabad,0,Yes,Active
CR0039,Person39,37,Male,XXXX XXXX 1039,9616193127,House 39,Warangal,0,No,Active
CR0040,Person40,41,Female,XXXX XXXX 1040,9911459645,House 40,Medchal-Malkajgiri,1,Yes,Released
CR0041,Person41,32,Male,XXXX XXXX 1041,9039971304,House 41,Warangal,2,No,Released
CR0042,Person42,54,Male,XXXX XXXX 1042,9080279414,House 42,Karimnagar,2,No,Active
CR0043,Person43,56,Female,XXXX XXXX 1043,9379742857,House 43,Medchal-Malkajgiri,4,No,Active
CR0044,Person44,59,Male,XXXX XXXX 1044,9883562942,House 44,Hyderabad,0,No,Released
CR0045,Person45,56,Female,XXXX XXXX 1045,9645053247,House 45,Warangal,0,Yes,Active
CR0046,Person46,42,Female,XXXX XXXX 1046,9236598481,House 46,Rangareddy,0,No,Active
CR0047,Person47,34,Female,XXXX XXXX 1047,9303303448,House 47,Medchal-Malkajgiri,0,No,Released
CR0048,Person48,56,Male,XXXX XXXX 1048,9273822396,House 48,Warangal,4,Yes,Active
CR0049,Person49,48,Female,XXXX XXXX 1049,9742484300,House 49,Hyderabad,1,Yes,Released
CR0050,Person50,39,Male,XXXX XXXX 1050,9210595434,House 50,Medchal-Malkajgiri,1,No,Released
CR0051,Person51,55,Male,XXXX XXXX 1051,9176304033,House 51,Medchal-Malkajgiri,5,Yes,Released
CR0052,Person52,38,Male,XXXX XXXX 1052,9656221308,House 52,Rangareddy,0,Yes,Released
CR0053,Person53,23,Male,XXXX XXXX 1053,9140743801,House 53,Karimnagar,1,No,Released
CR0054,Person54,33,Male,XXXX XXXX 1054,9009183992,House 54,Rangareddy,3,No,Released
CR0055,Person55,48,Female,XXXX XXXX 1055,9163541452,House 55,Medchal-Malkajgiri,0,Yes,Released
CR0056,Person56,53,Male,XXXX XXXX 1056,9927855725,House 56,Rangareddy,5,Yes,Active
CR0057,Person57,43,Female,XXXX XXXX 1057,9925053687,House 57,Karimnagar,2,Yes,Active
CR0058,Person58,26,Female,XXXX XXXX 1058,9488620713,House 58,Karimnagar,2,No,Active
CR0059,Person59,22,Male,XXXX XXXX 1059,9854564040,House 59,Medchal-Malkajgiri,5,No,Active
CR0060,Person60,56,Male,XXXX XXXX 1060,9550552046,House 60,Warangal,1,No,Released
CR0061,Person61,35,Female,XXXX XXXX 1061,9492960599,House 61,Hyderabad,2,Yes,Released
CR0062,Person62,32,Male,XXXX XXXX 1062,9127316930,House 62,Rangareddy,5,Yes,Released
CR0063,Person63,24,Female,XXXX XXXX 1063,9886476260,House 63,Medchal-Malkajgiri,0,Yes,Released
CR0064,Person64,22,Female,XXXX XXXX 1064,9481604468,House 64,Hyderabad,4,No,Active
CR0065,Person65,53,Male,XXXX XXXX 1065,9368324235,House 65,Hyderabad,0,Yes,Active
CR0066,Person66,53,Male,XXXX XXXX 1066,9496191427,House 66,Rangareddy,4,Yes,Released
CR0067,Person67,37,Male,XXXX XXXX 1067,9042269252,House 67,Warangal,3,Yes,Released
CR0068,Person68,43,Male,XXXX XXXX 1068,9911838571,House 68,Hyderabad,5,No,Released
CR0069,Person69,29,Male,XXXX XXXX 1069,9253865460,House 69,Rangareddy,2,Yes,Released
CR0070,Person70,49,Female,XXXX XXXX 1070,9585318123,House 70,Medchal-Malkajgiri,1,Yes,Released
CR0071,Person71,51,Male,XXXX XXXX 1071,9460076533,House 71,Hyderabad,1,Yes,Active
CR0072,Person72,59,Male,XXXX XXXX 1072,9103742879,House 72,Hyderabad,0,Yes,Active
CR0073,Person73,31,Male,XXXX XXXX 1073,9557647280,House 73,Rangareddy,0,Yes,Released
CR0074,Person74,43,Male,XXXX XXXX 1074,9775914805,House 74,Hyderabad,4,Yes,Active
CR0075,Person75,29,Female,XXXX XXXX 1075,9873612238,House 75,Karimnagar,1,No,Active
CR0076,Person76,55,Male,XXXX XXXX 1076,9882015025,House 76,Hyderabad,5,Yes,Active
CR0077,Person77,25,Female,XXXX XXXX 1077,9891028499,House 77,Warangal,3,Yes,Active
CR0078,Person78,49,Female,XXXX XXXX 1078,9185386288,House 78,Rangareddy,0,Yes,Active
CR0079,Person79,41,Male,XXXX XXXX 1079,9689049229,House 79,Karimnagar,0,Yes,Released
CR0080,Person80,30,Female,XXXX XXXX 1080,9649196997,House 80,Medchal-Malkajgiri,5,No,Released
CR0081,Person81,42,Male,XXXX XXXX 1081,9537160048,House 81,Hyderabad,0,Yes,Released
CR0082,Person82,25,Female,XXXX XXXX 1082,9250480369,House 82,Rangareddy,5,No,Released
CR0083,Person83,51,Female,XXXX XXXX 1083,9331501196,House 83,Karimnagar,3,No,Released
CR0084,Person84,56,Female,XXXX XXXX 1084,9177026111,House 84,Karimnagar,2,Yes,Released
CR0085,Person85,36,Female,XXXX XXXX 1085,9522254484,House 85,Medchal-Malkajgiri,4,Yes,Active
CR0086,Person86,46,Male,XXXX XXXX 1086,9039189327,House 86,Rangareddy,1,No,Active
CR0087,Person87,31,Male,XXXX XXXX 1087,9793275746,House 87,Rangareddy,4,No,Active
CR0088,Person88,59,Male,XXXX XXXX 1088,9848656150,House 88,Rangareddy,2,Yes,Released
CR0089,Person89,53,Male,XXXX XXXX 1089,9258226561,House 89,Medchal-Malkajgiri,3,Yes,Released
CR0090,Person90,38,Male,XXXX XXXX 1090,9622438299,House 90,Medchal-Malkajgiri,4,No,Released
CR0091,Person91,25,Male,XXXX XXXX 1091,9531262432,House 91,Rangareddy,4,No,Active
CR0092,Person92,35,Female,XXXX XXXX 1092,9648653807,House 92,Karimnagar,0,No,Released
CR0093,Person93,28,Male,XXXX XXXX 1093,9898584552,House 93,Karimnagar,3,Yes,Released
CR0094,Person94,21,Female,XXXX XXXX 1094,9765728980,House 94,Rangareddy,1,No,Released
CR0095,Person95,53,Female,XXXX XXXX 1095,9970614362,House 95,Hyderabad,2,Yes,Active
CR0096,Person96,24,Female,XXXX XXXX 1096,9012686351,House 96,Medchal-Malkajgiri,3,No,Active
CR0097,Person97,30,Male,XXXX XXXX 1097,9031203444,House 97,Warangal,5,No,Released
CR0098,Person98,30,Female,XXXX XXXX 1098,9614897732,House 98,Rangareddy,4,Yes,Active
CR0099,Person99,27,Female,XXXX XXXX 1099,9901159662,House 99,Karimnagar,1,No,Active
CR0100,Person100,41,Male,XXXX XXXX 1100,9037897012,House 100,Warangal,4,Yes,Active
CR0101,Person101,59,Male,XXXX XXXX 1101,9755893442,House 101,Medchal-Malkajgiri,2,Yes,Released
CR0102,Person102,36,Female,XXXX XXXX 1102,9234135731,House 102,Hyderabad,0,Yes,Active
CR0103,Person103,60,Female,XXXX XXXX 1103,9004736609,House 103,Warangal,0,Yes,Active
CR0104,Person104,54,Female,XXXX XXXX 1104,9358586147,House 104,Hyderabad,5,No,Active
CR0105,Person105,59,Female,XXXX XXXX 1105,9249047058,House 105,Karimnagar,0,Yes,Released
CR0106,Person106,48,Male,XXXX XXXX 1106,9780926917,House 106,Warangal,0,No,Released
CR0107,Person107,20,Female,XXXX XXXX 1107,9891118949,House 107,Karimnagar,4,Yes,Released
CR0108,Person108,34,Male,XXXX XXXX 1108,9757850058,House 108,Hyderabad,3,Yes,Released
CR0109,Person109,37,Female,XXXX XXXX 1109,9813582025,House 109,Karimnagar,4,No,Active
CR0110,Person110,27,Male,XXXX XXXX 1110,9417731032,House 110,Medchal-Malkajgiri,3,Yes,Active
CR0111,Person111,53,Male,XXXX XXXX 1111,9369888549,House 111,Warangal,1,No,Released
CR0112,Person112,44,Female,XXXX XXXX 1112,9705317247,House 112,Rangareddy,3,No,Released
CR0113,Person113,34,Female,XXXX XXXX 1113,9923608963,House 113,Karimnagar,1,Yes,Released
CR0114,Person114,49,Male,XXXX XXXX 1114,9645231831,House 114,Warangal,4,Yes,Released
CR0115,Person115,46,Female,XXXX XXXX 1115,9882105911,House 115,Warangal,5,No,Active
CR0116,Person116,43,Male,XXXX XXXX 1116,9368553330,House 116,Karimnagar,3,Yes,Active
CR0117,Person117,60,Female,XXXX XXXX 1117,9360132809,House 117,Hyderabad,2,No,Active
CR0118,Person118,54,Female,XXXX XXXX 1118,9949664643,House 118,Hyderabad,4,No,Active
CR0119,Person119,47,Male,XXXX XXXX 1119,9566553861,House 119,Karimnagar,4,No,Active
CR0120,Person120,22,Male,XXXX XXXX 1120,9456961007,House 120,Rangareddy,3,Yes,Active
CR0121,Person121,37,Male,XXXX XXXX 1121,9511790591,House 121,Rangareddy,3,No,Active
CR0122,Person122,47,Female,XXXX XXXX 1122,9554681539,House 122,Medchal-Malkajgiri,1,Yes,Active
CR0123,Person123,44,Female,XXXX XXXX 1123,9046314175,House 123,Hyderabad,5,No,Active
CR0124,Person124,48,Male,XXXX XXXX 1124,9819586500,House 124,Medchal-Malkajgiri,0,No,Active
CR0125,Person125,20,Female,XXXX XXXX 1125,9843724673,House 125,Karimnagar,5,No,Released
CR0126,Person126,22,Male,XXXX XXXX 1126,9849445104,House 126,Medchal-Malkajgiri,1,No,Active
CR0127,Person127,58,Male,XXXX XXXX 1127,9835709896,House 127,Hyderabad,3,Yes,Released
CR0128,Person128,49,Female,XXXX XXXX 1128,9480630526,House 128,Rangareddy,2,No,Released
CR0129,Person129,37,Male,XXXX XXXX 1129,9122918419,House 129,Warangal,0,Yes,Active
CR0130,Person130,20,Male,XXXX XXXX 1130,9108921352,House 130,Rangareddy,2,No,Released
CR0131,Person131,20,Male,XXXX XXXX 1131,9051327103,House 131,Medchal-Malkajgiri,0,Yes,Released
CR0132,Person132,29,Female,XXXX XXXX 1132,9873014316,House 132,Medchal-Malkajgiri,5,Yes,Active
CR0133,Person133,34,Male,XXXX XXXX 1133,9032138924,House 133,Karimnagar,3,Yes,Released
CR0134,Person134,58,Female,XXXX XXXX 1134,9491435902,House 134,Rangareddy,0,Yes,Active
CR0135,Person135,54,Male,XXXX XXXX 1135,9999919444,House 135,Warangal,5,Yes,Released
CR0136,Person136,60,Female,XXXX XXXX 1136,9606031616,House 136,Medchal-Malkajgiri,4,Yes,Active
CR0137,Person137,59,Female,XXXX XXXX 1137,9974683755,House 137,Medchal-Malkajgiri,2,No,Released
CR0138,Person138,31,Female,XXXX XXXX 1138,9596763791,House 138,Medchal-Malkajgiri,0,No,Active
CR0139,Person139,42,Female,XXXX XXXX 1139,9955634194,House 139,Rangareddy,5,Yes,Active
CR0140,Person140,30,Female,XXXX XXXX 1140,9887508235,House 140,Medchal-Malkajgiri,2,No,Released
CR0141,Person141,46,Female,XXXX XXXX 1141,9999046790,House 141,Warangal,4,Yes,Active
CR0142,Person142,40,Male,XXXX XXXX 1142,9823502840,House 142,Warangal,2,Yes,Active
CR0143,Person143,30,Female,XXXX XXXX 1143,9622425634,House 143,Rangareddy,4,Yes,Released
CR0144,Person144,42,Male,XXXX XXXX 1144,9719064483,House 144,Medchal-Malkajgiri,1,No,Active
CR0145,Person145,27,Male,XXXX XXXX 1145,9541500602,House 145,Hyderabad,1,No,Released
CR0146,Person146,55,Male,XXXX XXXX 1146,9241289803,House 146,Warangal,4,No,Released
CR0147,Person147,53,Female,XXXX XXXX 1147,9064426864,House 147,Karimnagar,1,No,Active
CR0148,Person148,27,Female,XXXX XXXX 1148,9204639237,House 148,Karimnagar,0,Yes,Released
CR0149,Person149,38,Male,XXXX XXXX 1149,9590131662,House 149,Rangareddy,1,No,Released
CR0150,Person150,25,Female,XXXX XXXX 1150,9034871114,House 150,Medchal-Malkajgiri,4,No,Released
CR0151,Person151,26,Female,XXXX XXXX 1151,9163261207,House 151,Karimnagar,2,No,Released
CR0152,Person152,34,Male,XXXX XXXX 1152,9095404224,House 152,Karimnagar,0,No,Released
CR0153,Person153,28,Male,XXXX XXXX 1153,9793562965,House 153,Warangal,4,Yes,Released
CR0154,Person154,39,Female,XXXX XXXX 1154,9880721098,House 154,Hyderabad,2,Yes,Active
CR0155,Person155,22,Male,XXXX XXXX 1155,9685547061,House 155,Warangal,4,Yes,Active
CR0156,Person156,39,Male,XXXX XXXX 1156,9521940601,House 156,Hyderabad,4,No,Released
CR0157,Person157,49,Female,XXXX XXXX 1157,9833517666,House 157,Rangareddy,2,No,Active
CR0158,Person158,48,Female,XXXX XXXX 1158,9145256364,House 158,Medchal-Malkajgiri,2,No,Active
CR0159,Person159,26,Male,XXXX XXXX 1159,9558190076,House 159,Hyderabad,1,Yes,Released
CR0160,Person160,58,Male,XXXX XXXX 1160,9736029854,House 160,Warangal,0,Yes,Released
CR0161,Person161,40,Male,XXXX XXXX 1161,9877602684,House 161,Hyderabad,3,No,Released
CR0162,Person162,52,Female,XXXX XXXX 1162,9539497855,House 162,Warangal,2,No,Released
CR0163,Person163,33,Male,XXXX XXXX 1163,9115953603,House 163,Hyderabad,1,No,Active
CR0164,Person164,36,Female,XXXX XXXX 1164,9972942164,House 164,Rangareddy,1,No,Released
CR0165,Person165,36,Male,XXXX XXXX 1165,9503341023,House 165,Hyderabad,5,Yes,Released
CR0166,Person166,49,Male,XXXX XXXX 1166,9029896547,House 166,Rangareddy,5,No,Released
CR0167,Person167,40,Male,XXXX XXXX 1167,9154195745,House 167,Medchal-Malkajgiri,5,Yes,Active
CR0168,Person168,32,Female,XXXX XXXX 1168,9798736916,House 168,Rangareddy,1,Yes,Released
CR0169,Person169,38,Female,XXXX XXXX 1169,9490460883,House 169,Hyderabad,0,Yes,Released
CR0170,Person170,28,Female,XXXX XXXX 1170,9973298109,House 170,Warangal,3,Yes,Active
CR0171,Person171,50,Male,XXXX XXXX 1171,9751649297,House 171,Medchal-Malkajgiri,5,Yes,Released
CR0172,Person172,55,Female,XXXX XXXX 1172,9205041557,House 172,Hyderabad,5,Yes,Active
CR0173,Person173,60,Male,XXXX XXXX 1173,9131203496,House 173,Warangal,0,Yes,Active
CR0174,Person174,51,Female,XXXX XXXX 1174,9667481677,House 174,Medchal-Malkajgiri,3,No,Released
CR0175,Person175,27,Male,XXXX XXXX 1175,9546478020,House 175,Karimnagar,2,No,Active
CR0176,Person176,25,Female,XXXX XXXX 1176,9253538667,House 176,Karimnagar,0,Yes,Released
CR0177,Person177,36,Female,XXXX XXXX 1177,9832657082,House 177,Hyderabad,5,No,Active
CR0178,Person178,58,Female,XXXX XXXX 1178,9117121200,House 178,Karimnagar,5,No,Active
CR0179,Person179,29,Male,XXXX XXXX 1179,9998788482,House 179,Medchal-Malkajgiri,1,Yes,Active
CR0180,Person180,28,Female,XXXX XXXX 1180,9991255513,House 180,Medchal-Malkajgiri,3,Yes,Released
CR0181,Person181,50,Female,XXXX XXXX 1181,9501134891,House 181,Rangareddy,1,Yes,Active
CR0182,Person182,25,Female,XXXX XXXX 1182,9177548282,House 182,Medchal-Malkajgiri,3,No,Released
CR0183,Person183,23,Male,XXXX XXXX 1183,9674749894,House 183,Hyderabad,4,Yes,Active
CR0184,Person184,43,Male,XXXX XXXX 1184,9976723376,House 184,Rangareddy,1,No,Released
CR0185,Person185,48,Male,XXXX XXXX 1185,9576518831,House 185,Hyderabad,3,No,Active
CR0186,Person186,58,Male,XXXX XXXX 1186,9293978315,House 186,Karimnagar,2,No,Active
CR0187,Person187,22,Male,XXXX XXXX 1187,9882548701,House 187,Rangareddy,3,No,Released
CR0188,Person188,48,Male,XXXX XXXX 1188,9945062465,House 188,Hyderabad,3,Yes,Released
CR0189,Person189,22,Male,XXXX XXXX 1189,9945665050,House 189,Warangal,0,Yes,Released
CR0190,Person190,40,Male,XXXX XXXX 1190,9231625820,House 190,Rangareddy,3,Yes,Active
CR0191,Person191,23,Female,XXXX XXXX 1191,9951321112,House 191,Hyderabad,5,No,Released
CR0192,Person192,28,Male,XXXX XXXX 1192,9073202169,House 192,Rangareddy,0,No,Active
CR0193,Person193,38,Female,XXXX XXXX 1193,9931819161,House 193,Karimnagar,2,No,Released
CR0194,Person194,36,Female,XXXX XXXX 1194,9355600251,House 194,Hyderabad,4,Yes,Released
CR0195,Person195,49,Female,XXXX XXXX 1195,9956089986,House 195,Warangal,1,Yes,Active
CR0196,Person196,22,Male,XXXX XXXX 1196,9776718778,House 196,Hyderabad,5,No,Released
CR0197,Person197,52,Male,XXXX XXXX 1197,9280330864,House 197,Medchal-Malkajgiri,5,Yes,Released
CR0198,Person198,24,Male,XXXX XXXX 1198,9939180618,House 198,Karimnagar,0,Yes,Released
CR0199,Person199,45,Male,XXXX XXXX 1199,9306482813,House 199,Medchal-Malkajgiri,0,Yes,Released
CR0200,Person200,45,Female,XXXX XXXX 1200,9761631984,House 200,Rangareddy,3,No,Released
CR0201,Person201,57,Female,XXXX XXXX 1201,9994873068,House 201,Karimnagar,1,No,Active
CR0202,Person202,57,Female,XXXX XXXX 1202,9915047547,House 202,Warangal,5,Yes,Released
CR0203,Person203,22,Female,XXXX XXXX 1203,9362001303,House 203,Medchal-Malkajgiri,2,Yes,Active
CR0204,Person204,39,Female,XXXX XXXX 1204,9799004594,House 204,Hyderabad,3,No,Active
CR0205,Person205,38,Female,XXXX XXXX 1205,9437222109,House 205,Hyderabad,3,Yes,Released
CR0206,Person206,22,Female,XXXX XXXX 1206,9959692261,House 206,Karimnagar,5,No,Active
CR0207,Person207,33,Female,XXXX XXXX 1207,9043792073,House 207,Warangal,4,Yes,Released
CR0208,Person208,20,Female,XXXX XXXX 1208,9763950550,House 208,Karimnagar,4,Yes,Released
CR0209,Person209,39,Male,XXXX XXXX 1209,9912312518,House 209,Medchal-Malkajgiri,0,Yes,Active
CR0210,Person210,28,Female,XXXX XXXX 1210,9548031739,House 210,Hyderabad,5,Yes,Active
CR0211,Person211,50,Male,XXXX XXXX 1211,9646035023,House 211,Medchal-Malkajgiri,2,Yes,Active
CR0212,Person212,46,Male,XXXX XXXX 1212,9461216750,House 212,Karimnagar,2,Yes,Released
CR0213,Person213,28,Male,XXXX XXXX 1213,9060860055,House 213,Hyderabad,1,Yes,Active
CR0214,Person214,21,Male,XXXX XXXX 1214,9403579971,House 214,Rangareddy,1,Yes,Active
CR0215,Person215,46,Male,XXXX XXXX 1215,9395140269,House 215,Karimnagar,3,No,Active
CR0216,Person216,54,Female,XXXX XXXX 1216,9813008571,House 216,Hyderabad,0,Yes,Released
CR0217,Person217,36,Male,XXXX XXXX 1217,9578544408,House 217,Warangal,0,No,Active
CR0218,Person218,47,Female,XXXX XXXX 1218,9397385137,House 218,Medchal-Malkajgiri,0,No,Active
CR0219,Person219,36,Male,XXXX XXXX 1219,9020673275,House 219,Warangal,0,No,Released
CR0220,Person220,28,Male,XXXX XXXX 1220,9981424940,House 220,Hyderabad,2,No,Active
CR0221,Person221,56,Male,XXXX XXXX 1221,9276517437,House 221,Hyderabad,1,Yes,Active
CR0222,Person222,24,Female,XXXX XXXX 1222,9192000639,House 222,Hyderabad,3,No,Active
CR0223,Person223,45,Female,XXXX XXXX 1223,9671760073,House 223,Karimnagar,3,Yes,Active
CR0224,Person224,24,Male,XXXX XXXX 1224,9573865013,House 224,Warangal,0,Yes,Released
CR0225,Person225,36,Female,XXXX XXXX 1225,9921934966,House 225,Medchal-Malkajgiri,2,No,Released
CR0226,Person226,52,Male,XXXX XXXX 1226,9703840043,House 226,Hyderabad,4,Yes,Active
CR0227,Person227,33,Female,XXXX XXXX 1227,9569197527,House 227,Rangareddy,5,Yes,Active
CR0228,Person228,59,Female,XXXX XXXX 1228,9388736933,House 228,Warangal,2,No,Released
CR0229,Person229,48,Male,XXXX XXXX 1229,9995360347,House 229,Rangareddy,5,No,Active
CR0230,Person230,57,Male,XXXX XXXX 1230,9555740852,House 230,Karimnagar,1,No,Released
CR0231,Person231,28,Male,XXXX XXXX 1231,9434287155,House 231,Rangareddy,1,No,Active
CR0232,Person232,48,Male,XXXX XXXX 1232,9105236079,House 232,Warangal,1,No,Active
CR0233,Person233,50,Female,XXXX XXXX 1233,9041460107,House 233,Hyderabad,3,No,Active
CR0234,Person234,28,Female,XXXX XXXX 1234,9449247685,House 234,Medchal-Malkajgiri,0,Yes,Active
CR0235,Person235,51,Female,XXXX XXXX 1235,9659656338,House 235,Karimnagar,2,No,Active
CR0236,Person236,28,Female,XXXX XXXX 1236,9281969753,House 236,Medchal-Malkajgiri,0,Yes,Released
CR0237,Person237,44,Male,XXXX XXXX 1237,9201217518,House 237,Hyderabad,5,No,Active
CR0238,Person238,57,Female,XXXX XXXX 1238,9422362100,House 238,Warangal,5,Yes,Released
CR0239,Person239,36,Male,XXXX XXXX 1239,9058044642,House 239,Medchal-Malkajgiri,1,No,Active
CR0240,Person240,32,Male,XXXX XXXX 1240,9529478780,House 240,Warangal,3,Yes,Active
CR0241,Person241,26,Male,XXXX XXXX 1241,9093234554,House 241,Karimnagar,5,Yes,Active
CR0242,Person242,30,Female,XXXX XXXX 1242,9379944229,House 242,Medchal-Malkajgiri,5,Yes,Active
CR0243,Person243,23,Female,XXXX XXXX 1243,9851498716,House 243,Warangal,3,Yes,Active
CR0244,Person244,46,Male,XXXX XXXX 1244,9405258725,House 244,Medchal-Malkajgiri,5,No,Released
CR0245,Person245,38,Female,XXXX XXXX 1245,9079028350,House 245,Warangal,3,Yes,Released
CR0246,Person246,60,Female,XXXX XXXX 1246,9753603324,House 246,Warangal,2,No,Active
CR0247,Person247,39,Male,XXXX XXXX 1247,9861465584,House 247,Hyderabad,1,No,Active
CR0248,Person248,27,Male,XXXX XXXX 1248,9804936899,House 248,Karimnagar,5,Yes,Released
CR0249,Person249,31,Male,XXXX XXXX 1249,9013577667,House 249,Karimnagar,1,Yes,Active
CR0250,Person250,52,Female,XXXX XXXX 1250,9859561883,House 250,Rangareddy,3,Yes,Released
CR0251,Person251,42,Male,XXXX XXXX 1251,9715886038,House 251,Medchal-Malkajgiri,5,Yes,Released
CR0252,Person252,39,Male,XXXX XXXX 1252,9287401384,House 252,Rangareddy,5,No,Active
CR0253,Person253,59,Female,XXXX XXXX 1253,9551896333,House 253,Medchal-Malkajgiri,5,No,Released
CR0254,Person254,36,Male,XXXX XXXX 1254,9018079700,House 254,Hyderabad,3,No,Active
CR0255,Person255,20,Male,XXXX XXXX 1255,9541701810,House 255,Hyderabad,0,No,Active
CR0256,Person256,48,Male,XXXX XXXX 1256,9915929386,House 256,Hyderabad,1,Yes,Released
CR0257,Person257,38,Male,XXXX XXXX 1257,9955859700,House 257,Warangal,3,Yes,Active
CR0258,Person258,53,Male,XXXX XXXX 1258,9743057179,House 258,Warangal,5,No,Released
CR0259,Person259,20,Female,XXXX XXXX 1259,9777393555,House 259,Warangal,5,Yes,Active
CR0260,Person260,33,Female,XXXX XXXX 1260,9088808383,House 260,Karimnagar,5,No,Active
CR0261,Person261,60,Male,XXXX XXXX 1261,9723915916,House 261,Karimnagar,1,No,Released
CR0262,Person262,26,Male,XXXX XXXX 1262,9618045899,House 262,Medchal-Malkajgiri,0,No,Active
CR0263,Person263,58,Male,XXXX XXXX 1263,9272391322,House 263,Rangareddy,5,No,Active
CR0264,Person264,48,Female,XXXX XXXX 1264,9373044199,House 264,Rangareddy,4,No,Released
CR0265,Person265,45,Female,XXXX XXXX 1265,9584374338,House 265,Hyderabad,5,No,Active
CR0266,Person266,21,Male,XXXX XXXX 1266,9966472420,House 266,Rangareddy,2,Yes,Released
CR0267,Person267,29,Male,XXXX XXXX 1267,9930051315,House 267,Hyderabad,3,Yes,Released
CR0268,Person268,55,Male,XXXX XXXX 1268,9803732571,House 268,Rangareddy,3,Yes,Active
CR0269,Person269,43,Female,XXXX XXXX 1269,9233888985,House 269,Hyderabad,4,Yes,Active
CR0270,Person270,60,Male,XXXX XXXX 1270,9397710174,House 270,Warangal,4,No,Active
CR0271,Person271,34,Male,XXXX XXXX 1271,9429966942,House 271,Karimnagar,2,Yes,Active
CR0272,Person272,47,Female,XXXX XXXX 1272,9014437520,House 272,Hyderabad,5,No,Active
CR0273,Person273,41,Female,XXXX XXXX 1273,9874295279,House 273,Karimnagar,2,No,Released
CR0274,Person274,20,Male,XXXX XXXX 1274,9665523113,House 274,Medchal-Malkajgiri,3,Yes,Released
CR0275,Person275,36,Male,XXXX XXXX 1275,9885792627,House 275,Hyderabad,0,Yes,Released
CR0276,Person276,59,Male,XXXX XXXX 1276,9741600782,House 276,Hyderabad,5,Yes,Released
CR0277,Person277,50,Female,XXXX XXXX 1277,9598058356,House 277,Medchal-Malkajgiri,1,Yes,Released
CR0278,Person278,26,Female,XXXX XXXX 1278,9291528640,House 278,Karimnagar,0,No,Active
CR0279,Person279,60,Female,XXXX XXXX 1279,9104185282,House 279,Medchal-Malkajgiri,2,Yes,Released
CR0280,Person280,52,Female,XXXX XXXX 1280,9237521058,House 280,Karimnagar,0,No,Active
CR0281,Person281,58,Male,XXXX XXXX 1281,9812764578,House 281,Warangal,5,No,Released
CR0282,Person282,43,Male,XXXX XXXX 1282,9839528978,House 282,Warangal,3,No,Released
CR0283,Person283,45,Male,XXXX XXXX 1283,9811226836,House 283,Hyderabad,3,Yes,Released
CR0284,Person284,46,Male,XXXX XXXX 1284,9313709954,House 284,Hyderabad,2,Yes,Active
CR0285,Person285,47,Male,XXXX XXXX 1285,9908685611,House 285,Karimnagar,3,Yes,Released
CR0286,Person286,56,Female,XXXX XXXX 1286,9739449540,House 286,Karimnagar,5,Yes,Active
CR0287,Person287,54,Female,XXXX XXXX 1287,9067231593,House 287,Rangareddy,1,No,Active
CR0288,Person288,45,Female,XXXX XXXX 1288,9573547621,House 288,Hyderabad,4,No,Active
CR0289,Person289,34,Male,XXXX XXXX 1289,9093651803,House 289,Hyderabad,0,Yes,Active
CR0290,Person290,30,Male,XXXX XXXX 1290,9068440107,House 290,Karimnagar,3,No,Active
CR0291,Person291,36,Female,XXXX XXXX 1291,9655367702,House 291,Rangareddy,0,Yes,Active
CR0292,Person292,41,Female,XXXX XXXX 1292,9364362902,House 292,Karimnagar,2,No,Released
CR0293,Person293,27,Male,XXXX XXXX 1293,9516284528,House 293,Rangareddy,1,Yes,Released
CR0294,Person294,47,Female,XXXX XXXX 1294,9678634722,House 294,Rangareddy,5,Yes,Active
CR0295,Person295,25,Male,XXXX XXXX 1295,9469774408,House 295,Karimnagar,2,No,Released
CR0296,Person296,27,Female,XXXX XXXX 1296,9232922619,House 296,Karimnagar,4,Yes,Released
CR0297,Person297,51,Female,XXXX XXXX 1297,9447275906,House 297,Karimnagar,0,No,Released
CR0298,Person298,21,Male,XXXX XXXX 1298,9870182018,House 298,Rangareddy,0,No,Released
CR0299,Person299,28,Male,XXXX XXXX 1299,9696102031,House 299,Medchal-Malkajgiri,5,Yes,Active
CR0300,Person300,26,Female,XXXX XXXX 1300,9668279220,House 300,Medchal-Malkajgiri,5,No,Released
CR0301,Person301,54,Male,XXXX XXXX 1301,9692863926,House 301,Medchal-Malkajgiri,1,Yes,Active
CR0302,Person302,57,Female,XXXX XXXX 1302,9659686519,House 302,Hyderabad,2,Yes,Released
CR0303,Person303,31,Male,XXXX XXXX 1303,9240074347,House 303,Rangareddy,1,Yes,Active
CR0304,Person304,34,Female,XXXX XXXX 1304,9056070435,House 304,Hyderabad,5,No,Active
CR0305,Person305,46,Female,XXXX XXXX 1305,9354559762,House 305,Rangareddy,5,No,Released
CR0306,Person306,59,Female,XXXX XXXX 1306,9780371522,House 306,Hyderabad,0,Yes,Released
CR0307,Person307,42,Male,XXXX XXXX 1307,9767806892,House 307,Medchal-Malkajgiri,1,Yes,Active
CR0308,Person308,59,Female,XXXX XXXX 1308,9138439584,House 308,Karimnagar,5,Yes,Active
CR0309,Person309,48,Female,XXXX XXXX 1309,9979982449,House 309,Karimnagar,1,No,Active
CR0310,Person310,49,Male,XXXX XXXX 1310,9030086575,House 310,Karimnagar,5,No,Active
CR0311,Person311,46,Female,XXXX XXXX 1311,9346785704,House 311,Rangareddy,3,Yes,Released
CR0312,Person312,39,Male,XXXX XXXX 1312,9928317982,House 312,Warangal,5,No,Released
CR0313,Person313,25,Male,XXXX XXXX 1313,9759726938,House 313,Rangareddy,3,No,Active
CR0314,Person314,21,Female,XXXX XXXX 1314,9695739963,House 314,Karimnagar,4,No,Released
CR0315,Person315,38,Female,XXXX XXXX 1315,9545094858,House 315,Medchal-Malkajgiri,0,No,Active
CR0316,Person316,51,Female,XXXX XXXX 1316,9006694952,House 316,Warangal,3,Yes,Active
CR0317,Person317,43,Female,XXXX XXXX 1317,9470773477,House 317,Hyderabad,2,Yes,Active
CR0318,Person318,42,Female,XXXX XXXX 1318,9025912166,House 318,Hyderabad,3,No,Released
CR0319,Person319,44,Female,XXXX XXXX 1319,9989561329,House 319,Karimnagar,5,Yes,Active
CR0320,Person320,39,Male,XXXX XXXX 1320,9369439896,House 320,Warangal,2,Yes,Active
CR0321,Person321,20,Female,XXXX XXXX 1321,9149385861,House 321,Medchal-Malkajgiri,5,Yes,Active
CR0322,Person322,47,Female,XXXX XXXX 1322,9028502197,House 322,Rangareddy,3,Yes,Active
CR0323,Person323,45,Male,XXXX XXXX 1323,9617248307,House 323,Rangareddy,1,No,Active
CR0324,Person324,45,Male,XXXX XXXX 1324,9512081462,House 324,Rangareddy,2,No,Active
CR0325,Person325,35,Female,XXXX XXXX 1325,9950138204,House 325,Karimnagar,0,Yes,Released
CR0326,Person326,55,Female,XXXX XXXX 1326,9537859898,House 326,Hyderabad,2,Yes,Released
CR0327,Person327,32,Male,XXXX XXXX 1327,9763748386,House 327,Hyderabad,0,Yes,Active
CR0328,Person328,26,Female,XXXX XXXX 1328,9755616039,House 328,Karimnagar,3,No,Active
CR0329,Person329,22,Female,XXXX XXXX 1329,9977921639,House 329,Rangareddy,2,No,Released
CR0330,Person330,56,Female,XXXX XXXX 1330,9738475712,House 330,Hyderabad,3,Yes,Released
CR0331,Person331,40,Male,XXXX XXXX 1331,9470192547,House 331,Rangareddy,5,No,Active
CR0332,Person332,23,Male,XXXX XXXX 1332,9611595519,House 332,Rangareddy,5,No,Active
CR0333,Person333,43,Male,XXXX XXXX 1333,9613010601,House 333,Warangal,2,Yes,Released
CR0334,Person334,40,Female,XXXX XXXX 1334,9915994449,House 334,Karimnagar,5,No,Active
CR0335,Person335,42,Female,XXXX XXXX 1335,9412431940,House 335,Warangal,4,No,Released
CR0336,Person336,30,Male,XXXX XXXX 1336,9896089370,House 336,Rangareddy,3,No,Active
CR0337,Person337,27,Male,XXXX XXXX 1337,9544209285,House 337,Rangareddy,4,Yes,Active
CR0338,Person338,31,Female,XXXX XXXX 1338,9656862829,House 338,Medchal-Malkajgiri,5,No,Active
CR0339,Person339,30,Male,XXXX XXXX 1339,9448019046,House 339,Warangal,5,Yes,Released
CR0340,Person340,21,Male,XXXX XXXX 1340,9252629102,House 340,Karimnagar,3,Yes,Active
CR0341,Person341,58,Female,XXXX XXXX 1341,9605742692,House 341,Warangal,4,No,Active
CR0342,Person342,43,Female,XXXX XXXX 1342,9951768782,House 342,Rangareddy,3,No,Released
CR0343,Person343,22,Male,XXXX XXXX 1343,9092672690,House 343,Warangal,1,Yes,Released
CR0344,Person344,43,Female,XXXX XXXX 1344,9920829476,House 344,Hyderabad,2,Yes,Active
CR0345,Person345,40,Female,XXXX XXXX 1345,9687535851,House 345,Hyderabad,4,Yes,Active
CR0346,Person346,25,Female,XXXX XXXX 1346,9595729695,House 346,Medchal-Malkajgiri,5,No,Active
CR0347,Person347,41,Female,XXXX XXXX 1347,9315940527,House 347,Medchal-Malkajgiri,3,Yes,Active
CR0348,Person348,43,Male,XXXX XXXX 1348,9317087260,House 348,Warangal,5,No,Active
CR0349,Person349,48,Male,XXXX XXXX 1349,9787525914,House 349,Medchal-Malkajgiri,5,No,Active
CR0350,Person350,58,Female,XXXX XXXX 1350,9807520950,House 350,Medchal-Malkajgiri,0,Yes,Active
CR0351,Person351,42,Male,XXXX XXXX 1351,9755879398,House 351,Karimnagar,0,Yes,Released
CR0352,Person352,28,Male,XXXX XXXX 1352,9213733531,House 352,Medchal-Malkajgiri,3,No,Released
CR0353,Person353,31,Female,XXXX XXXX 1353,9701159487,House 353,Karimnagar,0,No,Active
CR0354,Person354,35,Male,XXXX XXXX 1354,9739516649,House 354,Karimnagar,4,No,Released
CR0355,Person355,51,Female,XXXX XXXX 1355,9122572399,House 355,Medchal-Malkajgiri,5,Yes,Released
CR0356,Person356,51,Female,XXXX XXXX 1356,9540966414,House 356,Hyderabad,0,No,Released
CR0357,Person357,26,Female,XXXX XXXX 1357,9894124937,House 357,Hyderabad,4,No,Active
CR0358,Person358,44,Male,XXXX XXXX 1358,9136115407,House 358,Karimnagar,1,Yes,Released
CR0359,Person359,46,Female,XXXX XXXX 1359,9611205701,House 359,Hyderabad,4,No,Active
CR0360,Person360,39,Male,XXXX XXXX 1360,9166631267,House 360,Hyderabad,1,No,Released
CR0361,Person361,46,Female,XXXX XXXX 1361,9723009758,House 361,Medchal-Malkajgiri,5,No,Active
CR0362,Person362,46,Female,XXXX XXXX 1362,9949993889,House 362,Rangareddy,4,Yes,Active
CR0363,Person363,47,Female,XXXX XXXX 1363,9053443398,House 363,Hyderabad,5,Yes,Released
CR0364,Person364,36,Female,XXXX XXXX 1364,9327216197,House 364,Medchal-Malkajgiri,3,Yes,Active
CR0365,Person365,46,Female,XXXX XXXX 1365,9706400241,House 365,Karimnagar,4,No,Released
CR0366,Person366,21,Male,XXXX XXXX 1366,9093181595,House 366,Rangareddy,5,No,Active
CR0367,Person367,56,Male,XXXX XXXX 1367,9208281200,House 367,Rangareddy,3,Yes,Active
CR0368,Person368,39,Male,XXXX XXXX 1368,9822027343,House 368,Rangareddy,5,Yes,Released
CR0369,Person369,42,Female,XXXX XXXX 1369,9005242995,House 369,Warangal,4,No,Released
CR0370,Person370,25,Female,XXXX XXXX 1370,9714107313,House 370,Warangal,1,Yes,Released
CR0371,Person371,50,Male,XXXX XXXX 1371,9050936840,House 371,Medchal-Malkajgiri,2,Yes,Released
CR0372,Person372,38,Male,XXXX XXXX 1372,9345773004,House 372,Hyderabad,1,Yes,Active
CR0373,Person373,30,Female,XXXX XXXX 1373,9952585717,House 373,Medchal-Malkajgiri,2,Yes,Active
CR0374,Person374,34,Female,XXXX XXXX 1374,9597028922,House 374,Medchal-Malkajgiri,3,Yes,Released
CR0375,Person375,25,Female,XXXX XXXX 1375,9636794497,House 375,Rangareddy,4,Yes,Released
CR0376,Person376,47,Female,XXXX XXXX 1376,9792628694,House 376,Karimnagar,1,No,Released
CR0377,Person377,51,Female,XXXX XXXX 1377,9127296873,House 377,Rangareddy,4,Yes,Active
CR0378,Person378,21,Female,XXXX XXXX 1378,9220549007,House 378,Rangareddy,3,Yes,Released
CR0379,Person379,58,Male,XXXX XXXX 1379,9767075099,House 379,Warangal,2,No,Released
CR0380,Person380,24,Male,XXXX XXXX 1380,9955474605,House 380,Warangal,2,Yes,Active
CR0381,Person381,54,Male,XXXX XXXX 1381,9365039823,House 381,Hyderabad,4,Yes,Released
CR0382,Person382,44,Female,XXXX XXXX 1382,9589851434,House 382,Warangal,0,No,Released
CR0383,Person383,44,Female,XXXX XXXX 1383,9239723559,House 383,Hyderabad,3,Yes,Active
CR0384,Person384,23,Female,XXXX XXXX 1384,9240714183,House 384,Warangal,5,No,Released
CR0385,Person385,59,Female,XXXX XXXX 1385,9893710005,House 385,Hyderabad,4,Yes,Released
CR0386,Person386,21,Female,XXXX XXXX 1386,9239542851,House 386,Warangal,5,Yes,Released
CR0387,Person387,53,Male,XXXX XXXX 1387,9099099341,House 387,Warangal,2,No,Released
CR0388,Person388,56,Male,XXXX XXXX 1388,9568327867,House 388,Rangareddy,5,No,Released
CR0389,Person389,35,Female,XXXX XXXX 1389,9139204840,House 389,Hyderabad,0,Yes,Released
CR0390,Person390,43,Male,XXXX XXXX 1390,9929957595,House 390,Hyderabad,2,Yes,Active
CR0391,Person391,22,Female,XXXX XXXX 1391,9765238496,House 391,Rangareddy,1,Yes,Released
CR0392,Person392,20,Male,XXXX XXXX 1392,9366919157,House 392,Karimnagar,1,Yes,Released
CR0393,Person393,52,Male,XXXX XXXX 1393,9184750168,House 393,Rangareddy,2,Yes,Released
CR0394,Person394,48,Female,XXXX XXXX 1394,9250231023,House 394,Rangareddy,1,Yes,Released
CR0395,Person395,34,Female,XXXX XXXX 1395,9122148316,House 395,Hyderabad,3,No,Active
CR0396,Person396,48,Female,XXXX XXXX 1396,9856702425,House 396,Karimnagar,3,Yes,Released
CR0397,Person397,59,Female,XXXX XXXX 1397,9523151233,House 397,Rangareddy,0,Yes,Released
CR0398,Person398,22,Male,XXXX XXXX 1398,9543363064,House 398,Medchal-Malkajgiri,5,Yes,Active
CR0399,Person399,38,Female,XXXX XXXX 1399,9036461313,House 399,Hyderabad,2,Yes,Active
CR0400,Person400,52,Female,XXXX XXXX 1400,9620409760,House 400,Hyderabad,1,No,Released
CR0401,Person401,56,Female,XXXX XXXX 1401,9047396458,House 401,Rangareddy,3,No,Active
CR0402,Person402,33,Male,XXXX XXXX 1402,9563790686,House 402,Karimnagar,3,Yes,Released
CR0403,Person403,42,Female,XXXX XXXX 1403,9057757705,House 403,Rangareddy,1,Yes,Released
CR0404,Person404,30,Male,XXXX XXXX 1404,9171036370,House 404,Medchal-Malkajgiri,0,No,Released
CR0405,Person405,23,Female,XXXX XXXX 1405,9158976177,House 405,Karimnagar,0,No,Released
CR0406,Person406,48,Female,XXXX XXXX 1406,9345218504,House 406,Medchal-Malkajgiri,0,Yes,Active
CR0407,Person407,21,Female,XXXX XXXX 1407,9486985885,House 407,Warangal,4,Yes,Released
CR0408,Person408,26,Male,XXXX XXXX 1408,9136568787,House 408,Rangareddy,3,No,Released
CR0409,Person409,37,Male,XXXX XXXX 1409,9693057114,House 409,Karimnagar,3,No,Released
CR0410,Person410,29,Female,XXXX XXXX 1410,9852194446,House 410,Warangal,1,Yes,Released
CR0411,Person411,49,Male,XXXX XXXX 1411,9066966133,House 411,Medchal-Malkajgiri,4,Yes,Released
CR0412,Person412,29,Female,XXXX XXXX 1412,9529071673,House 412,Medchal-Malkajgiri,5,No,Released
CR0413,Person413,44,Female,XXXX XXXX 1413,9198722061,House 413,Medchal-Malkajgiri,3,Yes,Released
CR0414,Person414,59,Male,XXXX XXXX 1414,9184039798,House 414,Karimnagar,2,No,Active
CR0415,Person415,59,Female,XXXX XXXX 1415,9150255324,House 415,Medchal-Malkajgiri,3,Yes,Released
CR0416,Person416,46,Male,XXXX XXXX 1416,9344566295,House 416,Medchal-Malkajgiri,4,Yes,Released
CR0417,Person417,36,Male,XXXX XXXX 1417,9190900110,House 417,Rangareddy,0,No,Released
CR0418,Person418,26,Male,XXXX XXXX 1418,9557951859,House 418,Medchal-Malkajgiri,4,Yes,Active
CR0419,Person419,35,Female,XXXX XXXX 1419,9249625415,House 419,Medchal-Malkajgiri,5,Yes,Released
CR0420,Person420,49,Female,XXXX XXXX 1420,9282271415,House 420,Karimnagar,5,Yes,Released
CR0421,Person421,53,Male,XXXX XXXX 1421,9330754948,House 421,Karimnagar,0,Yes,Released
CR0422,Person422,50,Female,XXXX XXXX 1422,9062987894,House 422,Hyderabad,2,Yes,Active
CR0423,Person423,23,Male,XXXX XXXX 1423,9974633483,House 423,Medchal-Malkajgiri,2,Yes,Active
CR0424,Person424,47,Female,XXXX XXXX 1424,9956199898,House 424,Hyderabad,3,No,Active
CR0425,Person425,52,Male,XXXX XXXX 1425,9528174150,House 425,Rangareddy,0,Yes,Active
CR0426,Person426,35,Female,XXXX XXXX 1426,9392399466,House 426,Hyderabad,3,No,Active
CR0427,Person427,34,Male,XXXX XXXX 1427,9679403520,House 427,Warangal,3,No,Released
CR0428,Person428,46,Male,XXXX XXXX 1428,9273946066,House 428,Hyderabad,2,Yes,Released
CR0429,Person429,28,Male,XXXX XXXX 1429,9213240168,House 429,Hyderabad,1,No,Active
CR0430,Person430,47,Male,XXXX XXXX 1430,9822639316,House 430,Hyderabad,1,No,Released
CR0431,Person431,58,Female,XXXX XXXX 1431,9109973455,House 431,Hyderabad,0,Yes,Active
CR0432,Person432,44,Male,XXXX XXXX 1432,9818604340,House 432,Hyderabad,3,No,Released
CR0433,Person433,28,Male,XXXX XXXX 1433,9822407430,House 433,Hyderabad,5,No,Active
CR0434,Person434,23,Female,XXXX XXXX 1434,9820370549,House 434,Rangareddy,4,Yes,Released
CR0435,Person435,43,Male,XXXX XXXX 1435,9957303206,House 435,Hyderabad,0,No,Active
CR0436,Person436,32,Female,XXXX XXXX 1436,9302821156,House 436,Warangal,4,No,Released
CR0437,Person437,47,Male,XXXX XXXX 1437,9305117038,House 437,Rangareddy,0,Yes,Active
CR0438,Person438,21,Female,XXXX XXXX 1438,9735406630,House 438,Rangareddy,5,No,Released
CR0439,Person439,50,Female,XXXX XXXX 1439,9268542404,House 439,Karimnagar,3,Yes,Active
CR0440,Person440,35,Male,XXXX XXXX 1440,9326625242,House 440,Karimnagar,5,No,Active
CR0441,Person441,28,Female,XXXX XXXX 1441,9438865546,House 441,Hyderabad,1,No,Active
CR0442,Person442,25,Female,XXXX XXXX 1442,9548646207,House 442,Rangareddy,2,No,Active
CR0443,Person443,30,Male,XXXX XXXX 1443,9194931669,House 443,Warangal,3,Yes,Active
CR0444,Person444,48,Male,XXXX XXXX 1444,9348185562,House 444,Medchal-Malkajgiri,0,Yes,Active
CR0445,Person445,34,Male,XXXX XXXX 1445,9202533048,House 445,Hyderabad,5,Yes,Released
CR0446,Person446,25,Female,XXXX XXXX 1446,9333287053,House 446,Rangareddy,0,No,Released
CR0447,Person447,47,Male,XXXX XXXX 1447,9713205065,House 447,Hyderabad,2,Yes,Released
CR0448,Person448,21,Female,XXXX XXXX 1448,9075995150,House 448,Warangal,5,No,Released
CR0449,Person449,58,Male,XXXX XXXX 1449,9723377773,House 449,Warangal,4,No,Released
CR0450,Person450,43,Female,XXXX XXXX 1450,9915316102,House 450,Hyderabad,2,No,Released
CR0451,Person451,44,Female,XXXX XXXX 1451,9677423023,House 451,Warangal,2,No,Active
CR0452,Person452,37,Male,XXXX XXXX 1452,9375622038,House 452,Karimnagar,1,No,Released
CR0453,Person453,57,Female,XXXX XXXX 1453,9084528376,House 453,Hyderabad,3,No,Released
CR0454,Person454,42,Female,XXXX XXXX 1454,9533837986,House 454,Medchal-Malkajgiri,5,Yes,Active
CR0455,Person455,20,Male,XXXX XXXX 1455,9582692074,House 455,Warangal,2,Yes,Released
CR0456,Person456,44,Male,XXXX XXXX 1456,9921369328,House 456,Hyderabad,2,Yes,Released
CR0457,Person457,49,Male,XXXX XXXX 1457,9289350372,House 457,Medchal-Malkajgiri,1,No,Released
CR0458,Person458,40,Male,XXXX XXXX 1458,9243278204,House 458,Rangareddy,4,No,Active
CR0459,Person459,36,Male,XXXX XXXX 1459,9673291129,House 459,Karimnagar,3,No,Released
CR0460,Person460,58,Female,XXXX XXXX 1460,9312654805,House 460,Warangal,4,No,Released
CR0461,Person461,35,Male,XXXX XXXX 1461,9081617666,House 461,Warangal,4,Yes,Active
CR0462,Person462,48,Male,XXXX XXXX 1462,9055761248,House 462,Rangareddy,4,No,Active
CR0463,Person463,55,Male,XXXX XXXX 1463,9096908775,House 463,Rangareddy,1,No,Released
CR0464,Person464,21,Female,XXXX XXXX 1464,9123534996,House 464,Medchal-Malkajgiri,3,No,Active
CR0465,Person465,27,Female,XXXX XXXX 1465,9302972720,House 465,Warangal,3,No,Active
CR0466,Person466,47,Male,XXXX XXXX 1466,9411172706,House 466,Karimnagar,2,No,Released
CR0467,Person467,56,Female,XXXX XXXX 1467,9998943918,House 467,Karimnagar,1,No,Active
CR0468,Person468,21,Male,XXXX XXXX 1468,9118097381,House 468,Rangareddy,1,No,Released
CR0469,Person469,48,Female,XXXX XXXX 1469,9769100229,House 469,Warangal,1,Yes,Released
CR0470,Person470,39,Male,XXXX XXXX 1470,9765514984,House 470,Warangal,2,Yes,Active
CR0471,Person471,27,Female,XXXX XXXX 1471,9531775447,House 471,Warangal,5,Yes,Active
CR0472,Person472,28,Female,XXXX XXXX 1472,9884278433,House 472,Rangareddy,0,Yes,Released
CR0473,Person473,45,Male,XXXX XXXX 1473,9008494751,House 473,Warangal,1,No,Active
CR0474,Person474,41,Female,XXXX XXXX 1474,9275079908,House 474,Hyderabad,0,Yes,Released
CR0475,Person475,47,Female,XXXX XXXX 1475,9678866733,House 475,Hyderabad,4,Yes,Released
CR0476,Person476,50,Male,XXXX XXXX 1476,9110135397,House 476,Rangareddy,1,Yes,Active
CR0477,Person477,48,Male,XXXX XXXX 1477,9479606944,House 477,Warangal,4,Yes,Released
CR0478,Person478,24,Female,XXXX XXXX 1478,9804746273,House 478,Rangareddy,1,Yes,Released
CR0479,Person479,35,Female,XXXX XXXX 1479,9972208056,House 479,Hyderabad,4,No,Released
CR0480,Person480,58,Female,XXXX XXXX 1480,9061173286,House 480,Hyderabad,0,Yes,Released
CR0481,Person481,30,Female,XXXX XXXX 1481,9239314570,House 481,Medchal-Malkajgiri,0,No,Released
CR0482,Person482,59,Male,XXXX XXXX 1482,9777687476,House 482,Warangal,0,No,Released
CR0483,Person483,37,Male,XXXX XXXX 1483,9422311291,House 483,Warangal,1,No,Active
CR0484,Person484,54,Male,XXXX XXXX 1484,9042667578,House 484,Karimnagar,0,Yes,Released
CR0485,Person485,24,Male,XXXX XXXX 1485,9519499665,House 485,Medchal-Malkajgiri,4,Yes,Released
CR0486,Person486,42,Male,XXXX XXXX 1486,9215382567,House 486,Hyderabad,0,Yes,Active
CR0487,Person487,46,Female,XXXX XXXX 1487,9590955888,House 487,Rangareddy,4,Yes,Active
CR0488,Person488,22,Male,XXXX XXXX 1488,9254503674,House 488,Warangal,2,No,Released
CR0489,Person489,44,Female,XXXX XXXX 1489,9636751298,House 489,Medchal-Malkajgiri,1,No,Active
CR0490,Person490,27,Female,XXXX XXXX 1490,9602350932,House 490,Medchal-Malkajgiri,3,No,Released
CR0491,Person491,23,Female,XXXX XXXX 1491,9053339856,House 491,Rangareddy,1,No,Active
CR0492,Person492,21,Female,XXXX XXXX 1492,9940529275,House 492,Rangareddy,0,Yes,Released
CR0493,Person493,21,Female,XXXX XXXX 1493,9302322322,House 493,Hyderabad,2,Yes,Active
CR0494,Person494,37,Male,XXXX XXXX 1494,9747239058,House 494,Warangal,2,Yes,Released
CR0495,Person495,41,Male,XXXX XXXX 1495,9344887752,House 495,Hyderabad,2,Yes,Active
CR0496,Person496,56,Female,XXXX XXXX 1496,9841432514,House 496,Rangareddy,3,Yes,Active
CR0497,Person497,52,Female,XXXX XXXX 1497,9918070934,House 497,Rangareddy,2,No,Released
CR0498,Person498,33,Female,XXXX XXXX 1498,9056569172,House 498,Warangal,5,No,Released
CR0499,Person499,43,Female,XXXX XXXX 1499,9864712126,House 499,Warangal,4,Yes,Released
CR0500,Person500,51,Female,XXXX XXXX 1500,9750005006,House 500,Warangal,5,No,Released
