evidence_id,fir_id,evidence_type,description,uploaded_by,upload_date
E0001,FIR0834,Text,Evidence item 1,Officer92,2026-03-08
E0002,FIR0986,PDF,Evidence item 2,Officer83,2026-02-01
E0003,FIR0666,PDF,Evidence item 3,Officer4,2026-02-26
E0004,FIR0048,Audio,Evidence item 4,Officer13,2026-01-27
E0005,FIR0353,Image,Evidence item 5,Officer53,2026-07-07
E0006,FIR0297,Text,Evidence item 6,Officer22,2026-03-03
E0007,FIR0494,Video,Evidence item 7,Officer80,2026-07-13
E0008,FIR0680,Audio,Evidence item 8,Officer29,2026-06-05
E0009,FIR0222,Image,Evidence item 9,Officer72,2026-01-10
E0010,FIR0158,PDF,Evidence item 10,Officer28,2026-06-07
E0011,FIR0003,PDF,Evidence item 11,Officer27,2026-02-09
E0012,FIR0766,Audio,Evidence item 12,Officer11,2026-01-17
E0013,FIR0446,Audio,Evidence item 13,Officer17,2026-05-25
E0014,FIR0036,Video,Evidence item 14,Officer75,2026-01-15
E0015,FIR0343,Text,Evidence item 15,Officer17,2026-07-22
E0016,FIR0190,PDF,Evidence item 16,Officer91,2026-03-04
E0017,FIR0107,Audio,Evidence item 17,Officer91,2026-04-11
E0018,FIR0649,Image,Evidence item 18,Officer60,2026-07-06
E0019,FIR0543,PDF,Evidence item 19,Officer13,2026-05-15
E0020,FIR0812,Image,Evidence item 20,Officer85,2026-03-26
E0021,FIR0534,Video,Evidence item 21,Officer64,2026-02-09
E0022,FIR0840,Audio,Evidence item 22,Officer46,2026-04-26
E0023,FIR0501,Audio,Evidence item 23,Officer22,2026-04-18
E0024,FIR0034,Video,Evidence item 24,Officer8,2026-05-13
E0025,FIR0099,Text,Evidence item 25,Officer87,2026-05-22
E0026,FIR0140,Video,Evidence item 26,Officer6,2026-04-12
E0027,FIR0107,Image,Evidence item 27,Officer95,2026-06-01
E0028,FIR0799,Audio,Evidence item 28,Officer57,2026-02-20
E0029,FIR0825,Video,Evidence item 29,Officer54,2026-04-03
E0030,FIR0059,PDF,Evidence item 30,Officer58,2026-05-14
E0031,FIR0888,Image,Evidence item 31,Officer34,2026-02-06
E0032,FIR0160,Image,Evidence item 32,Officer40,2026-05-20
E0033,FIR0405,Video,Evidence item 33,Officer51,2026-02-02
E0034,FIR0332,Audio,Evidence item 34,Officer9,2026-03-01
E0035,FIR0424,Audio,Evidence item 35,Officer80,2026-02-13
E0036,FIR0214,PDF,Evidence item 36,Officer39,2026-04-21
E0037,FIR0508,PDF,Evidence item 37,Officer73,2026-05-16
E0038,FIR0092,Video,Evidence item 38,Officer8,2026-02-28
E0039,FIR0791,PDF,Evidence item 39,Officer10,2026-01-22
E0040,FIR0552,PDF,Evidence item 40,Officer4,2026-07-09
E0041,FIR0786,Text,Evidence item 41,Officer16,2026-07-21
E0042,FIR0511,PDF,Evidence item 42,Officer95,2026-04-27
E0043,FIR0553,Audio,Evidence item 43,Officer93,2026-01-10
E0044,FIR0374,Image,Evidence item 44,Officer23,2026-04-24
E0045,FIR0141,Text,Evidence item 45,Officer8,2026-03-23
E0046,FIR0467,Video,Evidence item 46,Officer21,2026-04-06
E0047,FIR0293,Audio,Evidence item 47,Officer66,2026-02-10
E0048,FIR0613,Audio,Evidence item 48,Officer84,2026-02-25
E0049,FIR0287,Image,Evidence item 49,Officer84,2026-06-15
E0050,FIR0109,Text,Evidence item 50,Officer66,2026-03-23
E0051,FIR0969,Text,Evidence item 51,Officer49,2026-05-10
E0052,FIR0320,Text,Evidence item 52,Officer81,2026-03-21
E0053,FIR0882,Text,Evidence item 53,Officer25,2026-06-13
E0054,FIR0838,Audio,Evidence item 54,Officer31,2026-02-08
E0055,FIR0959,Video,Evidence item 55,Officer28,2026-07-04
E0056,FIR0925,Image,Evidence item 56,Officer46,2026-02-21
E0057,FIR0062,Video,Evidence item 57,Officer89,2026-01-25
E0058,FIR0431,Image,Evidence item 58,Officer93,2026-05-10
E0059,FIR0343,PDF,Evidence item 59,Officer50,2026-05-20
E0060,FIR0945,PDF,Evidence item 60,Officer100,2026-02-17
E0061,FIR0720,Text,Evidence item 61,Officer44,2026-07-03
E0062,FIR0007,Audio,Evidence item 62,Officer5,2026-02-07
E0063,FIR0828,PDF,Evidence item 63,Officer2,2026-05-05
E0064,FIR0226,Video,Evidence item 64,Officer81,2026-07-16
E0065,FIR0499,PDF,Evidence item 65,Officer75,2026-04-17
E0066,FIR0361,Image,Evidence item 66,Officer64,2026-07-14
E0067,FIR0236,Text,Evidence item 67,Officer80,2026-05-08
E0068,FIR0282,Video,Evidence item 68,Officer72,2026-07-16
E0069,FIR0361,Text,Evidence item 69,Officer49,2026-07-17
E0070,FIR0674,Image,Evidence item 70,Officer82,2026-07-07
E0071,FIR0589,Audio,Evidence item 71,Officer28,2026-01-04
E0072,FIR0700,Audio,Evidence item 72,Officer18,2026-01-05
E0073,FIR0764,Video,Evidence item 73,Officer23,2026-05-25
E0074,FIR0827,Image,Evidence item 74,Officer72,2026-03-16
E0075,FIR0641,Video,Evidence item 75,Officer44,2026-03-28
E0076,FIR0076,Image,Evidence item 76,Officer79,2026-03-17
E0077,FIR0706,Image,Evidence item 77,Officer5,2026-05-17
E0078,FIR0770,PDF,Evidence item 78,Officer73,2026-01-24
E0079,FIR0117,Image,Evidence item 79,Officer83,2026-03-02
E0080,FIR0587,Text,Evidence item 80,Officer31,2026-01-07
E0081,FIR0081,PDF,Evidence item 81,Officer100,2026-07-10
E0082,FIR0729,Image,Evidence item 82,Officer35,2026-04-11
E0083,FIR0994,PDF,Evidence item 83,Officer48,2026-01-20
E0084,FIR0366,Audio,Evidence item 84,Officer93,2026-06-17
E0085,FIR0178,Text,Evidence item 85,Officer18,2026-07-11
E0086,FIR0288,Text,Evidence item 86,Officer76,2026-05-16
E0087,FIR0580,Video,Evidence item 87,Officer3,2026-04-15
E0088,FIR0638,PDF,Evidence item 88,Officer13,2026-02-13
E0089,FIR0210,Audio,Evidence item 89,Officer1,2026-04-19
E0090,FIR0010,Video,Evidence item 90,Officer90,2026-02-01
E0091,FIR0172,Text,Evidence item 91,Officer50,2026-05-15
E0092,FIR0834,PDF,Evidence item 92,Officer82,2026-01-02
E0093,FIR0884,Image,Evidence item 93,Officer54,2026-06-27
E0094,FIR0161,Text,Evidence item 94,Officer59,2026-06-10
E0095,FIR0829,Audio,Evidence item 95,Officer43,2026-06-21
E0096,FIR0571,Text,Evidence item 96,Officer57,2026-01-20
E0097,FIR0161,PDF,Evidence item 97,Officer68,2026-01-05
E0098,FIR0209,Audio,Evidence item 98,Officer88,2026-04-28
E0099,FIR0588,Audio,Evidence item 99,Officer35,2026-07-27
E0100,FIR0527,Video,Evidence item 100,Officer87,2026-06-14
E0101,FIR0667,Text,Evidence item 101,Officer84,2026-05-17
E0102,FIR0291,Video,Evidence item 102,Officer13,2026-02-19
E0103,FIR0690,Image,Evidence item 103,Officer67,2026-06-04
E0104,FIR0265,Video,Evidence item 104,Officer29,2026-04-17
E0105,FIR0841,Image,Evidence item 105,Officer74,2026-04-06
E0106,FIR0518,PDF,Evidence item 106,Officer54,2026-02-17
E0107,FIR0646,Text,Evidence item 107,Officer84,2026-07-27
E0108,FIR0974,Audio,Evidence item 108,Officer88,2026-03-09
E0109,FIR0776,Image,Evidence item 109,Officer81,2026-01-12
E0110,FIR0655,Audio,Evidence item 110,Officer1,2026-01-15
E0111,FIR0661,Image,Evidence item 111,Officer41,2026-03-12
E0112,FIR0378,Audio,Evidence item 112,Officer43,2026-05-04
E0113,FIR0198,Audio,Evidence item 113,Officer44,2026-01-23
E0114,FIR0901,PDF,Evidence item 114,Officer64,2026-06-01
E0115,FIR0497,Image,Evidence item 115,Officer74,2026-06-16
E0116,FIR0208,Audio,Evidence item 116,Officer67,2026-02-21
E0117,FIR0859,PDF,Evidence item 117,Officer11,2026-06-18
E0118,FIR0201,PDF,Evidence item 118,Officer81,2026-07-10
E0119,FIR0428,PDF,Evidence item 119,Officer41,2026-03-25
E0120,FIR0837,Audio,Evidence item 120,Officer44,2026-04-02
E0121,FIR0567,Video,Evidence item 121,Officer21,2026-04-11
E0122,FIR0058,Audio,Evidence item 122,Officer45,2026-02-19
E0123,FIR0040,PDF,Evidence item 123,Officer92,2026-02-13
E0124,FIR0061,Video,Evidence item 124,Officer25,2026-01-01
E0125,FIR0879,Image,Evidence item 125,Officer92,2026-07-17
E0126,FIR0806,PDF,Evidence item 126,Officer83,2026-03-25
E0127,FIR0469,Video,Evidence item 127,Officer54,2026-01-12
E0128,FIR0074,PDF,Evidence item 128,Officer11,2026-07-19
E0129,FIR0422,PDF,Evidence item 129,Officer96,2026-04-12
E0130,FIR0031,PDF,Evidence item 130,Officer94,2026-06-22
E0131,FIR0278,Video,Evidence item 131,Officer32,2026-01-21
E0132,FIR0068,Audio,Evidence item 132,Officer30,2026-04-25
E0133,FIR0602,Text,Evidence item 133,Officer20,2026-04-07
E0134,FIR0680,Text,Evidence item 134,Officer26,2026-06-25
E0135,FIR0528,PDF,Evidence item 135,Officer73,2026-02-24
E0136,FIR0052,Image,Evidence item 136,Officer58,2026-04-17
E0137,FIR0895,Video,Evidence item 137,Officer43,2026-06-16
E0138,FIR1000,Image,Evidence item 138,Officer73,2026-02-25
E0139,FIR0651,Audio,Evidence item 139,Officer97,2026-03-01
E0140,FIR0603,PDF,Evidence item 140,Officer21,2026-04-15
E0141,FIR0008,Audio,Evidence item 141,Officer2,2026-07-17
E0142,FIR0255,PDF,Evidence item 142,Officer73,2026-06-05
E0143,FIR0643,Text,Evidence item 143,Officer89,2026-01-05
E0144,FIR0028,Audio,Evidence item 144,Officer65,2026-01-15
E0145,FIR0367,Video,Evidence item 145,Officer24,2026-02-08
E0146,FIR0611,Text,Evidence item 146,Officer7,2026-03-27
E0147,FIR0959,Text,Evidence item 147,Officer58,2026-01-06
E0148,FIR0044,Audio,Evidence item 148,Officer44,2026-01-24
E0149,FIR0404,PDF,Evidence item 149,Officer63,2026-02-11
E0150,FIR0453,Image,Evidence item 150,Officer68,2026-04-15
E0151,FIR0828,Audio,Evidence item 151,Officer43,2026-04-14
E0152,FIR0687,PDF,Evidence item 152,Officer81,2026-07-12
E0153,FIR0546,Audio,Evidence item 153,Officer85,2026-01-08
E0154,FIR0709,Audio,Evidence item 154,Officer100,2026-07-01
E0155,FIR0549,Video,Evidence item 155,Officer10,2026-07-12
E0156,FIR0765,Text,Evidence item 156,Officer76,2026-04-08
E0157,FIR0600,Video,Evidence item 157,Officer55,2026-03-20
E0158,FIR0143,Video,Evidence item 158,Officer60,2026-01-14
E0159,FIR0276,Image,Evidence item 159,Officer86,2026-02-17
E0160,FIR0495,Text,Evidence item 160,Officer3,2026-04-08
E0161,FIR0028,Audio,Evidence item 161,Officer2,2026-01-06
E0162,FIR0726,Image,Evidence item 162,Officer99,2026-03-18
E0163,FIR0618,Text,Evidence item 163,Officer52,2026-04-18
E0164,FIR0365,Image,Evidence item 164,Officer87,2026-04-25
E0165,FIR0936,Text,Evidence item 165,Officer6,2026-06-14
E0166,FIR0345,Audio,Evidence item 166,Officer7,2026-06-23
E0167,FIR0501,Video,Evidence item 167,Officer78,2026-07-04
E0168,FIR0401,Image,Evidence item 168,Officer76,2026-07-25
E0169,FIR0258,Video,Evidence item 169,Officer16,2026-04-04
E0170,FIR0833,Video,Evidence item 170,Officer38,2026-02-21
E0171,FIR0913,PDF,Evidence item 171,Officer84,2026-07-19
E0172,FIR0515,Image,Evidence item 172,Officer66,2026-01-06
E0173,FIR0055,Text,Evidence item 173,Officer85,2026-07-13
E0174,FIR0654,Video,Evidence item 174,Officer8,2026-04-03
E0175,FIR0455,Audio,Evidence item 175,Officer2,2026-07-19
E0176,FIR0017,Image,Evidence item 176,Officer36,2026-06-27
E0177,FIR0365,Text,Evidence item 177,Officer68,2026-07-26
E0178,FIR0275,Audio,Evidence item 178,Officer82,2026-06-04
E0179,FIR0116,PDF,Evidence item 179,Officer60,2026-01-26
E0180,FIR0707,Text,Evidence item 180,Officer97,2026-05-03
E0181,FIR0212,Image,Evidence item 181,Officer98,2026-02-01
E0182,FIR0790,Video,Evidence item 182,Officer91,2026-06-12
E0183,FIR0173,Audio,Evidence item 183,Officer72,2026-03-02
E0184,FIR0733,Audio,Evidence item 184,Officer35,2026-02-06
E0185,FIR0209,Audio,Evidence item 185,Officer100,2026-06-04
E0186,FIR0998,PDF,Evidence item 186,Officer71,2026-07-16
E0187,FIR0155,PDF,Evidence item 187,Officer50,2026-04-04
E0188,FIR0304,Text,Evidence item 188,Officer26,2026-03-23
E0189,FIR0770,Image,Evidence item 189,Officer19,2026-03-26
E0190,FIR0805,Text,Evidence item 190,Officer47,2026-04-09
E0191,FIR0800,Text,Evidence item 191,Officer33,2026-06-05
E0192,FIR0043,PDF,Evidence item 192,Officer52,2026-03-02
E0193,FIR0041,Text,Evidence item 193,Officer88,2026-03-07
E0194,FIR0692,Image,Evidence item 194,Officer75,2026-05-03
E0195,FIR0268,Video,Evidence item 195,Officer89,2026-02-27
E0196,FIR0046,Audio,Evidence item 196,Officer60,2026-01-15
E0197,FIR0469,Video,Evidence item 197,Officer30,2026-06-06
E0198,FIR0449,Video,Evidence item 198,Officer84,2026-02-25
E0199,FIR0572,Video,Evidence item 199,Officer63,2026-02-15
E0200,FIR0854,Image,Evidence item 200,Officer63,2026-03-14
E0201,FIR0273,Image,Evidence item 201,Officer61,2026-05-05
E0202,FIR0196,Audio,Evidence item 202,Officer70,2026-01-14
E0203,FIR0894,Text,Evidence item 203,Officer25,2026-05-26
E0204,FIR0489,Video,Evidence item 204,Officer57,2026-02-06
E0205,FIR0712,Text,Evidence item 205,Officer65,2026-04-20
E0206,FIR0114,Image,Evidence item 206,Officer6,2026-04-27
E0207,FIR0205,Image,Evidence item 207,Officer21,2026-05-25
E0208,FIR0539,Image,Evidence item 208,Officer3,2026-03-28
E0209,FIR0370,Text,Evidence item 209,Officer46,2026-01-07
E0210,FIR0775,Video,Evidence item 210,Officer72,2026-01-07
E0211,FIR0483,Text,Evidence item 211,Officer15,2026-03-01
E0212,FIR0747,PDF,Evidence item 212,Officer30,2026-04-11
E0213,FIR0397,Audio,Evidence item 213,Officer36,2026-07-11
E0214,FIR0658,Text,Evidence item 214,Officer39,2026-03-02
E0215,FIR0075,Text,Evidence item 215,Officer1,2026-02-20
E0216,FIR0956,Audio,Evidence item 216,Officer2,2026-01-25
E0217,FIR0563,Audio,Evidence item 217,Officer98,2026-04-06
E0218,FIR0057,Text,Evidence item 218,Officer84,2026-07-18
E0219,FIR0732,Audio,Evidence item 219,Officer61,2026-02-21
E0220,FIR0653,Text,Evidence item 220,Officer56,2026-05-21
E0221,FIR0174,Audio,Evidence item 221,Officer33,2026-02-01
E0222,FIR0073,PDF,Evidence item 222,Officer61,2026-04-16
E0223,FIR0985,Image,Evidence item 223,Officer23,2026-01-24
E0224,FIR0478,Image,Evidence item 224,Officer72,2026-07-18
E0225,FIR0643,Audio,Evidence item 225,Officer50,2026-01-28
E0226,FIR0589,PDF,Evidence item 226,Officer43,2026-04-12
E0227,FIR0186,Image,Evidence item 227,Officer68,2026-01-07
E0228,FIR0233,Text,Evidence item 228,Officer13,2026-07-04
E0229,FIR0562,Audio,Evidence item 229,Officer6,2026-03-07
E0230,FIR0451,Audio,Evidence item 230,Officer32,2026-05-09
E0231,FIR0060,Text,Evidence item 231,Officer18,2026-03-19
E0232,FIR0121,Image,Evidence item 232,Officer34,2026-07-03
E0233,FIR0443,Audio,Evidence item 233,Officer26,2026-02-17
E0234,FIR0175,Text,Evidence item 234,Officer12,2026-01-22
E0235,FIR0832,PDF,Evidence item 235,Officer89,2026-04-22
E0236,FIR0005,Audio,Evidence item 236,Officer70,2026-04-04
E0237,FIR0710,PDF,Evidence item 237,Officer21,2026-06-03
E0238,FIR0212,Video,Evidence item 238,Officer26,2026-04-20
E0239,FIR0758,Video,Evidence item 239,Officer59,2026-02-15
E0240,FIR0230,PDF,Evidence item 240,Officer4,2026-07-22
E0241,FIR0989,Image,Evidence item 241,Officer22,2026-01-16
E0242,FIR0850,PDF,Evidence item 242,Officer21,2026-06-18
E0243,FIR0369,Text,Evidence item 243,Officer87,2026-05-05
E0244,FIR0114,Video,Evidence item 244,Officer75,2026-01-16
E0245,FIR0369,Text,Evidence item 245,Officer17,2026-06-01
E0246,FIR0383,PDF,Evidence item 246,Officer65,2026-07-11
E0247,FIR0517,Video,Evidence item 247,Officer79,2026-06-09
E0248,FIR0624,Audio,Evidence item 248,Officer59,2026-04-04
E0249,FIR0589,PDF,Evidence item 249,Officer36,2026-06-18
E0250,FIR0540,Audio,Evidence item 250,Officer32,2026-07-28
E0251,FIR0745,Video,Evidence item 251,Officer41,2026-02-06
E0252,FIR0470,Text,Evidence item 252,Officer65,2026-05-22
E0253,FIR0851,PDF,Evidence item 253,Officer7,2026-04-21
E0254,FIR0636,Image,Evidence item 254,Officer71,2026-02-23
E0255,FIR0092,Text,Evidence item 255,Officer8,2026-03-18
E0256,FIR0790,Image,Evidence item 256,Officer86,2026-06-23
E0257,FIR0162,PDF,Evidence item 257,Officer15,2026-06-03
E0258,FIR0553,Audio,Evidence item 258,Officer90,2026-04-17
E0259,FIR0179,PDF,Evidence item 259,Officer85,2026-01-07
E0260,FIR0504,Audio,Evidence item 260,Officer19,2026-03-28
E0261,FIR0542,Image,Evidence item 261,Officer25,2026-01-03
E0262,FIR0595,Audio,Evidence item 262,Officer12,2026-01-23
E0263,FIR0222,Image,Evidence item 263,Officer76,2026-02-05
E0264,FIR0103,Video,Evidence item 264,Officer42,2026-01-04
E0265,FIR0079,PDF,Evidence item 265,Officer62,2026-04-10
E0266,FIR0908,Text,Evidence item 266,Officer35,2026-07-01
E0267,FIR0823,Video,Evidence item 267,Officer66,2026-02-08
E0268,FIR0781,Image,Evidence item 268,Officer99,2026-07-04
E0269,FIR0923,PDF,Evidence item 269,Officer75,2026-07-02
E0270,FIR0054,Image,Evidence item 270,Officer9,2026-03-10
E0271,FIR0569,Image,Evidence item 271,Officer56,2026-07-12
E0272,FIR0982,Audio,Evidence item 272,Officer14,2026-04-09
E0273,FIR0897,PDF,Evidence item 273,Officer61,2026-07-28
E0274,FIR0294,Text,Evidence item 274,Officer61,2026-07-12
E0275,FIR0570,PDF,Evidence item 275,Officer5,2026-05-16
E0276,FIR0636,Video,Evidence item 276,Officer1,2026-05-22
E0277,FIR0503,Video,Evidence item 277,Officer89,2026-03-08
E0278,FIR0610,Image,Evidence item 278,Officer100,2026-07-17
E0279,FIR0346,Audio,Evidence item 279,Officer18,2026-05-20
E0280,FIR0199,PDF,Evidence item 280,Officer13,2026-05-12
E0281,FIR0551,Audio,Evidence item 281,Officer67,2026-05-17
E0282,FIR0642,PDF,Evidence item 282,Officer32,2026-03-25
E0283,FIR0998,Image,Evidence item 283,Officer11,2026-03-26
E0284,FIR0373,Video,Evidence item 284,Officer10,2026-04-06
E0285,FIR0262,Image,Evidence item 285,Officer51,2026-01-07
E0286,FIR0872,Text,Evidence item 286,Officer69,2026-01-06
E0287,FIR0192,Image,Evidence item 287,Officer61,2026-01-26
E0288,FIR0788,Audio,Evidence item 288,Officer49,2026-07-09
E0289,FIR0679,Video,Evidence item 289,Officer93,2026-06-15
E0290,FIR0761,Video,Evidence item 290,Officer25,2026-06-03
E0291,FIR0935,Audio,Evidence item 291,Officer90,2026-06-25
E0292,FIR0104,PDF,Evidence item 292,Officer63,2026-03-26
E0293,FIR0739,Video,Evidence item 293,Officer51,2026-05-20
E0294,FIR0997,Audio,Evidence item 294,Officer97,2026-04-16
E0295,FIR0135,Video,Evidence item 295,Officer72,2026-01-15
E0296,FIR0888,PDF,Evidence item 296,Officer59,2026-03-12
E0297,FIR0286,Image,Evidence item 297,Officer82,2026-03-20
E0298,FIR0500,Video,Evidence item 298,Officer100,2026-01-21
E0299,FIR0333,PDF,Evidence item 299,Officer42,2026-02-21
E0300,FIR0812,Text,Evidence item 300,Officer7,2026-02-19
E0301,FIR0123,Audio,Evidence item 301,Officer10,2026-04-13
E0302,FIR0875,Video,Evidence item 302,Officer15,2026-06-28
E0303,FIR0880,Audio,Evidence item 303,Officer40,2026-04-26
E0304,FIR0491,Text,Evidence item 304,Officer97,2026-04-14
E0305,FIR0915,Audio,Evidence item 305,Officer82,2026-07-08
E0306,FIR0126,PDF,Evidence item 306,Officer68,2026-02-24
E0307,FIR0176,Text,Evidence item 307,Officer97,2026-02-04
E0308,FIR0912,Audio,Evidence item 308,Officer3,2026-01-15
E0309,FIR0630,PDF,Evidence item 309,Officer72,2026-06-19
E0310,FIR0849,PDF,Evidence item 310,Officer28,2026-07-28
E0311,FIR0054,Audio,Evidence item 311,Officer49,2026-02-01
E0312,FIR0095,Image,Evidence item 312,Officer25,2026-06-25
E0313,FIR0189,Text,Evidence item 313,Officer99,2026-01-28
E0314,FIR0489,Audio,Evidence item 314,Officer45,2026-02-21
E0315,FIR0457,PDF,Evidence item 315,Officer70,2026-04-09
E0316,FIR0528,Audio,Evidence item 316,Officer79,2026-03-13
E0317,FIR0196,Image,Evidence item 317,Officer93,2026-02-18
E0318,FIR0027,Video,Evidence item 318,Officer30,2026-01-18
E0319,FIR0982,PDF,Evidence item 319,Officer44,2026-04-11
E0320,FIR0041,PDF,Evidence item 320,Officer77,2026-05-18
E0321,FIR0343,Video,Evidence item 321,Officer13,2026-03-08
E0322,FIR0047,Audio,Evidence item 322,Officer25,2026-05-12
E0323,FIR0988,Video,Evidence item 323,Officer63,2026-01-21
E0324,FIR0503,PDF,Evidence item 324,Officer35,2026-06-04
E0325,FIR0024,Audio,Evidence item 325,Officer63,2026-06-14
E0326,FIR0218,Video,Evidence item 326,Officer39,2026-01-12
E0327,FIR0707,Image,Evidence item 327,Officer20,2026-06-20
E0328,FIR0345,PDF,Evidence item 328,Officer64,2026-01-06
E0329,FIR0993,Audio,Evidence item 329,Officer75,2026-04-03
E0330,FIR0352,PDF,Evidence item 330,Officer66,2026-01-10
E0331,FIR0096,Audio,Evidence item 331,Officer62,2026-04-06
E0332,FIR0323,Image,Evidence item 332,Officer63,2026-03-13
E0333,FIR0448,Image,Evidence item 333,Officer27,2026-04-12
E0334,FIR0391,Video,Evidence item 334,Officer56,2026-06-21
E0335,FIR0283,Image,Evidence item 335,Officer3,2026-07-12
E0336,FIR0943,Video,Evidence item 336,Officer6,2026-05-21
E0337,FIR0502,Image,Evidence item 337,Officer7,2026-06-02
E0338,FIR0993,PDF,Evidence item 338,Officer33,2026-07-18
E0339,FIR0152,Image,Evidence item 339,Officer93,2026-05-28
E0340,FIR0208,PDF,Evidence item 340,Officer58,2026-07-07
E0341,FIR0193,PDF,Evidence item 341,Officer90,2026-07-22
E0342,FIR0064,Text,Evidence item 342,Officer11,2026-07-20
E0343,FIR0186,Audio,Evidence item 343,Officer88,2026-04-03
E0344,FIR0926,PDF,Evidence item 344,Officer13,2026-01-09
E0345,FIR0083,Audio,Evidence item 345,Officer56,2026-01-13
E0346,FIR0936,Image,Evidence item 346,Officer12,2026-05-18
E0347,FIR0769,PDF,Evidence item 347,Officer39,2026-03-07
E0348,FIR0621,PDF,Evidence item 348,Officer43,2026-06-06
E0349,FIR0409,Image,Evidence item 349,Officer93,2026-04-22
E0350,FIR0865,PDF,Evidence item 350,Officer90,2026-06-23
E0351,FIR0277,Text,Evidence item 351,Officer30,2026-01-17
E0352,FIR0955,Audio,Evidence item 352,Officer18,2026-05-15
E0353,FIR0037,PDF,Evidence item 353,Officer63,2026-07-23
E0354,FIR0275,Audio,Evidence item 354,Officer7,2026-03-21
E0355,FIR0532,Text,Evidence item 355,Officer77,2026-02-17
E0356,FIR0516,PDF,Evidence item 356,Officer61,2026-07-03
E0357,FIR0189,Audio,Evidence item 357,Officer84,2026-05-13
E0358,FIR0447,Video,Evidence item 358,Officer83,2026-05-10
E0359,FIR0087,Video,Evidence item 359,Officer88,2026-05-23
E0360,FIR0185,Text,Evidence item 360,Officer2,2026-02-20
E0361,FIR0587,PDF,Evidence item 361,Officer59,2026-03-19
E0362,FIR0743,Audio,Evidence item 362,Officer2,2026-04-18
E0363,FIR0911,PDF,Evidence item 363,Officer80,2026-05-04
E0364,FIR0298,PDF,Evidence item 364,Officer6,2026-01-04
E0365,FIR0317,PDF,Evidence item 365,Officer64,2026-06-17
E0366,FIR0741,Text,Evidence item 366,Officer53,2026-04-27
E0367,FIR0383,Video,Evidence item 367,Officer43,2026-04-07
E0368,FIR0744,Text,Evidence item 368,Officer70,2026-06-11
E0369,FIR0097,Text,Evidence item 369,Officer83,2026-04-16
E0370,FIR0137,Image,Evidence item 370,Officer44,2026-04-21
E0371,FIR0562,Image,Evidence item 371,Officer18,2026-02-25
E0372,FIR0172,Text,Evidence item 372,Officer70,2026-01-02
E0373,FIR0253,Image,Evidence item 373,Officer17,2026-06-19
E0374,FIR0776,Video,Evidence item 374,Officer30,2026-05-26
E0375,FIR0201,Text,Evidence item 375,Officer23,2026-01-10
E0376,FIR0353,Audio,Evidence item 376,Officer75,2026-02-13
E0377,FIR0581,Text,Evidence item 377,Officer39,2026-05-27
E0378,FIR0149,Image,Evidence item 378,Officer24,2026-06-20
E0379,FIR0967,Video,Evidence item 379,Officer12,2026-07-15
E0380,FIR0586,Audio,Evidence item 380,Officer52,2026-03-08
E0381,FIR0804,Audio,Evidence item 381,Officer82,2026-05-13
E0382,FIR0110,Image,Evidence item 382,Officer6,2026-06-26
E0383,FIR0826,Text,Evidence item 383,Officer47,2026-01-11
E0384,FIR0689,Video,Evidence item 384,Officer65,2026-07-10
E0385,FIR0420,PDF,Evidence item 385,Officer8,2026-04-13
E0386,FIR0467,Text,Evidence item 386,Officer47,2026-01-10
E0387,FIR0691,Audio,Evidence item 387,Officer50,2026-02-27
E0388,FIR0892,Video,Evidence item 388,Officer45,2026-05-13
E0389,FIR0877,Image,Evidence item 389,Officer26,2026-06-14
E0390,FIR0772,PDF,Evidence item 390,Officer36,2026-04-17
E0391,FIR0548,Text,Evidence item 391,Officer80,2026-03-21
E0392,FIR0743,Image,Evidence item 392,Officer85,2026-06-23
E0393,FIR0774,Text,Evidence item 393,Officer55,2026-02-07
E0394,FIR0018,Image,Evidence item 394,Officer12,2026-07-26
E0395,FIR0634,Image,Evidence item 395,Officer29,2026-07-18
E0396,FIR0116,PDF,Evidence item 396,Officer98,2026-06-09
E0397,FIR0324,Text,Evidence item 397,Officer27,2026-02-21
E0398,FIR0066,Video,Evidence item 398,Officer29,2026-01-15
E0399,FIR0376,Video,Evidence item 399,Officer70,2026-05-19
E0400,FIR0878,Image,Evidence item 400,Officer33,2026-02-28
E0401,FIR0162,Video,Evidence item 401,Officer75,2026-03-23
E0402,FIR0029,Video,Evidence item 402,Officer74,2026-06-13
E0403,FIR0685,Audio,Evidence item 403,Officer5,2026-01-13
E0404,FIR0819,PDF,Evidence item 404,Officer60,2026-06-23
E0405,FIR0119,Video,Evidence item 405,Officer51,2026-06-14
E0406,FIR0552,Video,Evidence item 406,Officer88,2026-03-02
E0407,FIR0043,Text,Evidence item 407,Officer76,2026-02-14
E0408,FIR0162,Audio,Evidence item 408,Officer32,2026-06-16
E0409,FIR0146,Video,Evidence item 409,Officer100,2026-03-09
E0410,FIR0642,PDF,Evidence item 410,Officer37,2026-03-15
E0411,FIR0419,Video,Evidence item 411,Officer58,2026-01-24
E0412,FIR0640,Text,Evidence item 412,Officer13,2026-07-25
E0413,FIR0088,Image,Evidence item 413,Officer53,2026-07-27
E0414,FIR0084,Video,Evidence item 414,Officer38,2026-07-24
E0415,FIR0535,Text,Evidence item 415,Officer54,2026-04-14
E0416,FIR0684,Text,Evidence item 416,Officer88,2026-02-11
E0417,FIR0997,PDF,Evidence item 417,Officer12,2026-01-26
E0418,FIR0554,Audio,Evidence item 418,Officer65,2026-03-12
E0419,FIR0721,Image,Evidence item 419,Officer45,2026-05-26
E0420,FIR0072,Video,Evidence item 420,Officer71,2026-05-27
E0421,FIR0880,Video,Evidence item 421,Officer62,2026-04-04
E0422,FIR0428,Video,Evidence item 422,Officer22,2026-07-13
E0423,FIR0461,Image,Evidence item 423,Officer2,2026-02-11
E0424,FIR0110,Text,Evidence item 424,Officer45,2026-04-16
E0425,FIR0889,Video,Evidence item 425,Officer45,2026-06-09
E0426,FIR0568,Audio,Evidence item 426,Officer18,2026-05-11
E0427,FIR0998,PDF,Evidence item 427,Officer88,2026-03-08
E0428,FIR0293,PDF,Evidence item 428,Officer77,2026-07-20
E0429,FIR0387,Text,Evidence item 429,Officer99,2026-01-08
E0430,FIR0191,Text,Evidence item 430,Officer74,2026-03-26
E0431,FIR0535,Image,Evidence item 431,Officer27,2026-06-12
E0432,FIR0338,PDF,Evidence item 432,Officer76,2026-02-14
E0433,FIR0462,PDF,Evidence item 433,Officer51,2026-07-16
E0434,FIR0717,Video,Evidence item 434,Officer52,2026-06-05
E0435,FIR0765,PDF,Evidence item 435,Officer11,2026-03-07
E0436,FIR0455,Video,Evidence item 436,Officer47,2026-07-08
E0437,FIR0070,PDF,Evidence item 437,Officer63,2026-04-14
E0438,FIR0108,PDF,Evidence item 438,Officer81,2026-05-13
E0439,FIR0658,Video,Evidence item 439,Officer10,2026-05-18
E0440,FIR0114,PDF,Evidence item 440,Officer5,2026-04-23
E0441,FIR0029,Image,Evidence item 441,Officer37,2026-05-23
E0442,FIR0273,Video,Evidence item 442,Officer84,2026-05-12
E0443,FIR0356,Audio,Evidence item 443,Officer42,2026-02-11
E0444,FIR0109,Video,Evidence item 444,Officer90,2026-02-07
E0445,FIR0233,PDF,Evidence item 445,Officer34,2026-06-11
E0446,FIR0943,Image,Evidence item 446,Officer42,2026-05-06
E0447,FIR0798,Video,Evidence item 447,Officer81,2026-07-26
E0448,FIR0650,Video,Evidence item 448,Officer3,2026-04-09
E0449,FIR0163,Audio,Evidence item 449,Officer15,2026-06-18
E0450,FIR0536,Audio,Evidence item 450,Officer80,2026-01-28
E0451,FIR0905,PDF,Evidence item 451,Officer12,2026-01-21
E0452,FIR0999,Image,Evidence item 452,Officer6,2026-07-20
E0453,FIR0103,PDF,Evidence item 453,Officer82,2026-07-18
E0454,FIR0722,Audio,Evidence item 454,Officer4,2026-04-23
E0455,FIR0018,Image,Evidence item 455,Officer3,2026-03-21
E0456,FIR0576,Audio,Evidence item 456,Officer75,2026-01-11
E0457,FIR0768,Audio,Evidence item 457,Officer10,2026-04-02
E0458,FIR0354,PDF,Evidence item 458,Officer70,2026-01-09
E0459,FIR0557,Video,Evidence item 459,Officer89,2026-02-07
E0460,FIR0247,PDF,Evidence item 460,Officer37,2026-01-05
E0461,FIR0330,Video,Evidence item 461,Officer73,2026-03-28
E0462,FIR0060,PDF,Evidence item 462,Officer72,2026-06-26
E0463,FIR0502,Text,Evidence item 463,Officer82,2026-03-18
E0464,FIR0207,PDF,Evidence item 464,Officer100,2026-07-14
E0465,FIR0524,Video,Evidence item 465,Officer57,2026-05-03
E0466,FIR0779,Image,Evidence item 466,Officer86,2026-05-16
E0467,FIR0355,Text,Evidence item 467,Officer99,2026-05-20
E0468,FIR0402,Video,Evidence item 468,Officer27,2026-02-10
E0469,FIR0672,Image,Evidence item 469,Officer59,2026-07-26
E0470,FIR0020,PDF,Evidence item 470,Officer75,2026-03-05
E0471,FIR0137,Image,Evidence item 471,Officer60,2026-05-26
E0472,FIR0213,Image,Evidence item 472,Officer74,2026-05-27
E0473,FIR0528,PDF,Evidence item 473,Officer51,2026-04-20
E0474,FIR0727,Audio,Evidence item 474,Officer7,2026-01-21
E0475,FIR0731,Audio,Evidence item 475,Officer66,2026-06-23
E0476,FIR0616,Video,Evidence item 476,Officer48,2026-06-05
E0477,FIR0644,PDF,Evidence item 477,Officer78,2026-01-05
E0478,FIR0587,Video,Evidence item 478,Officer22,2026-07-19
E0479,FIR0072,Audio,Evidence item 479,Officer38,2026-07-05
E0480,FIR0605,Video,Evidence item 480,Officer67,2026-02-04
E0481,FIR0554,PDF,Evidence item 481,Officer65,2026-03-06
E0482,FIR0888,Audio,Evidence item 482,Officer26,2026-07-06
E0483,FIR0800,Text,Evidence item 483,Officer65,2026-05-24
E0484,FIR0672,PDF,Evidence item 484,Officer87,2026-06-24
E0485,FIR0914,Text,Evidence item 485,Officer68,2026-06-19
E0486,FIR0222,Audio,Evidence item 486,Officer88,2026-04-03
E0487,FIR0494,Image,Evidence item 487,Officer59,2026-01-11
E0488,FIR0639,PDF,Evidence item 488,Officer38,2026-06-12
E0489,FIR0136,Video,Evidence item 489,Officer28,2026-07-12
E0490,FIR0177,Audio,Evidence item 490,Officer6,2026-04-20
E0491,FIR0011,Video,Evidence item 491,Officer91,2026-05-14
E0492,FIR0254,Video,Evidence item 492,Officer64,2026-03-07
E0493,FIR0684,PDF,Evidence item 493,Officer100,2026-03-20
E0494,FIR0380,PDF,Evidence item 494,Officer33,2026-02-13
E0495,FIR0153,PDF,Evidence item 495,Officer39,2026-01-17
E0496,FIR0893,Audio,Evidence item 496,Officer36,2026-06-15
E0497,FIR0248,Audio,Evidence item 497,Officer46,2026-05-06
E0498,FIR0683,Video,Evidence item 498,Officer5,2026-03-04
E0499,FIR0179,Video,Evidence item 499,Officer30,2026-02-27
E0500,FIR0933,Image,Evidence item 500,Officer66,2026-04-15
