missing_id,name,age,gender,last_seen,district,police_station,missing_date,status
MP0001,Missing1,50,Female,Market Area,Rangareddy,Madhapur PS,2026-03-06,Found
MP0002,Missing2,63,Female,Market Area,Warangal,Kukatpally PS,2026-02-01,Missing
MP0003,Missing3,45,Female,Market Area,Rangareddy,Gachibowli PS,2026-07-08,Missing
MP0004,Missing4,68,Female,Market Area,Medchal-Malkajgiri,Madhapur PS,2026-02-06,Missing
MP0005,Missing5,36,Female,Market Area,Warangal,Gachibowli PS,2026-05-22,Missing
MP0006,Missing6,60,Male,Market Area,Hyderabad,Begumpet PS,2026-06-25,Found
MP0007,Missing7,39,Male,Market Area,Karimnagar,Banjara Hills PS,2026-06-23,Found
MP0008,Missing8,31,Female,Market Area,Medchal-Malkajgiri,Banjara Hills PS,2026-04-02,Missing
MP0009,Missing9,34,Male,Market Area,Warangal,Banjara Hills PS,2026-01-04,Missing
MP0010,Missing10,16,Male,Market Area,Hyderabad,Gachibowli PS,2026-02-24,Missing
MP0011,Missing11,46,Male,Market Area,Rangareddy,Kukatpally PS,2026-07-22,Missing
MP0012,Missing12,44,Female,Market Area,Rangareddy,Begumpet PS,2026-02-24,Found
MP0013,Missing13,7,Male,Market Area,Medchal-Malkajgiri,Begumpet PS,2026-05-01,Found
MP0014,Missing14,24,Female,Market Area,Medchal-Malkajgiri,Banjara Hills PS,2026-02-11,Missing
MP0015,Missing15,57,Female,Market Area,Warangal,Kukatpally PS,2026-06-03,Missing
MP0016,Missing16,41,Female,Market Area,Warangal,Banjara Hills PS,2026-07-19,Found
MP0017,Missing17,23,Female,Market Area,Karimnagar,Madhapur PS,2026-06-03,Missing
MP0018,Missing18,53,Female,Market Area,Warangal,Gachibowli PS,2026-07-07,Found
MP0019,Missing19,51,Male,Market Area,Medchal-Malkajgiri,Kukatpally PS,2026-02-11,Found
MP0020,Missing20,7,Female,Market Area,Hyderabad,Gachibowli PS,2026-04-10,Missing
MP0021,Missing21,19,Male,Market Area,Hyderabad,Kukatpally PS,2026-02-13,Missing
MP0022,Missing22,19,Male,Market Area,Warangal,Banjara Hills PS,2026-02-07,Found
MP0023,Missing23,59,Female,Market Area,Karimnagar,Begumpet PS,2026-01-27,Found
MP0024,Missing24,58,Female,Market Area,Warangal,Banjara Hills PS,2026-05-28,Found
MP0025,Missing25,13,Male,Market Area,Warangal,Begumpet PS,2026-06-09,Found
MP0026,Missing26,14,Male,Market Area,Medchal-Malkajgiri,Kukatpally PS,2026-02-04,Found
MP0027,Missing27,34,Female,Market Area,Karimnagar,Begumpet PS,2026-03-22,Missing
MP0028,Missing28,59,Female,Market Area,Karimnagar,Gachibowli PS,2026-06-12,Found
MP0029,Missing29,13,Male,Market Area,Rangareddy,Kukatpally PS,2026-03-07,Missing
MP0030,Missing30,43,Male,Market Area,Hyderabad,Banjara Hills PS,2026-03-28,Found
MP0031,Missing31,68,Male,Market Area,Karimnagar,Banjara Hills PS,2026-04-24,Missing
MP0032,Missing32,23,Female,Market Area,Hyderabad,Banjara Hills PS,2026-04-05,Missing
MP0033,Missing33,30,Male,Market Area,Rangareddy,Gachibowli PS,2026-03-13,Missing
MP0034,Missing34,42,Male,Market Area,Warangal,Kukatpally PS,2026-02-20,Found
MP0035,Missing35,65,Male,Market Area,Medchal-Malkajgiri,Banjara Hills PS,2026-06-10,Missing
MP0036,Missing36,54,Female,Market Area,Rangareddy,Kukatpally PS,2026-01-02,Missing
MP0037,Missing37,32,Female,Market Area,Medchal-Malkajgiri,Banjara Hills PS,2026-07-28,Missing
MP0038,Missing38,19,Female,Market Area,Rangareddy,Gachibowli PS,2026-06-28,Missing
MP0039,Missing39,69,Male,Market Area,Rangareddy,Gachibowli PS,2026-06-25,Missing
MP0040,Missing40,55,Male,Market Area,Karimnagar,Banjara Hills PS,2026-05-05,Found
MP0041,Missing41,66,Female,Market Area,Medchal-Malkajgiri,Begumpet PS,2026-02-11,Found
MP0042,Missing42,42,Female,Market Area,Medchal-Malkajgiri,Banjara Hills PS,2026-06-05,Missing
MP0043,Missing43,29,Female,Market Area,Hyderabad,Kukatpally PS,2026-06-18,Found
MP0044,Missing44,47,Male,Market Area,Hyderabad,Banjara Hills PS,2026-07-18,Found
MP0045,Missing45,54,Male,Market Area,Medchal-Malkajgiri,Begumpet PS,2026-03-15,Missing
MP0046,Missing46,14,Female,Market Area,Karimnagar,Madhapur PS,2026-03-08,Found
MP0047,Missing47,53,Female,Market Area,Karimnagar,Banjara Hills PS,2026-01-12,Missing
MP0048,Missing48,48,Female,Market Area,Rangareddy,Gachibowli PS,2026-07-14,Found
MP0049,Missing49,19,Male,Market Area,Hyderabad,Gachibowli PS,2026-01-22,Found
MP0050,Missing50,59,Male,Market Area,Hyderabad,Gachibowli PS,2026-04-08,Missing
MP0051,Missing51,55,Female,Market Area,Medchal-Malkajgiri,Begumpet PS,2026-01-22,Found
MP0052,Missing52,23,Male,Market Area,Medchal-Malkajgiri,Kukatpally PS,2026-03-11,Missing
MP0053,Missing53,50,Male,Market Area,Hyderabad,Kukatpally PS,2026-03-12,Found
MP0054,Missing54,10,Male,Market Area,Karimnagar,Begumpet PS,2026-01-22,Found
MP0055,Missing55,27,Male,Market Area,Rangareddy,Banjara Hills PS,2026-05-08,Found
MP0056,Missing56,28,Male,Market Area,Medchal-Malkajgiri,Banjara Hills PS,2026-06-19,Missing
MP0057,Missing57,57,Female,Market Area,Karimnagar,Begumpet PS,2026-04-26,Missing
MP0058,Missing58,8,Male,Market Area,Rangareddy,Banjara Hills PS,2026-07-18,Found
MP0059,Missing59,18,Male,Market Area,Karimnagar,Begumpet PS,2026-06-28,Found
MP0060,Missing60,31,Female,Market Area,Warangal,Madhapur PS,2026-06-15,Found
MP0061,Missing61,64,Male,Market Area,Hyderabad,Madhapur PS,2026-04-14,Found
MP0062,Missing62,34,Male,Market Area,Warangal,Gachibowli PS,2026-02-08,Found
MP0063,Missing63,34,Male,Market Area,Rangareddy,Begumpet PS,2026-06-27,Found
MP0064,Missing64,7,Female,Market Area,Hyderabad,Begumpet PS,2026-03-09,Missing
MP0065,Missing65,62,Female,Market Area,Warangal,Madhapur PS,2026-07-17,Found
MP0066,Missing66,62,Male,Market Area,Warangal,Banjara Hills PS,2026-01-02,Missing
MP0067,Missing67,41,Male,Market Area,Warangal,Madhapur PS,2026-01-26,Missing
MP0068,Missing68,70,Male,Market Area,Warangal,Madhapur PS,2026-01-10,Found
MP0069,Missing69,37,Male,Market Area,Rangareddy,Begumpet PS,2026-03-07,Found
MP0070,Missing70,10,Male,Market Area,Hyderabad,Kukatpally PS,2026-07-14,Missing
MP0071,Missing71,59,Female,Market Area,Warangal,Gachibowli PS,2026-06-09,Missing
MP0072,Missing72,55,Female,Market Area,Warangal,Gachibowli PS,2026-01-02,Missing
MP0073,Missing73,27,Female,Market Area,Karimnagar,Kukatpally PS,2026-05-16,Found
MP0074,Missing74,54,Male,Market Area,Hyderabad,Kukatpally PS,2026-05-05,Found
MP0075,Missing75,21,Female,Market Area,Medchal-Malkajgiri,Madhapur PS,2026-06-26,Found
MP0076,Missing76,55,Female,Market Area,Medchal-Malkajgiri,Begumpet PS,2026-02-04,Found
MP0077,Missing77,30,Female,Market Area,Hyderabad,Banjara Hills PS,2026-04-20,Missing
MP0078,Missing78,37,Male,Market Area,Karimnagar,Kukatpally PS,2026-02-07,Missing
MP0079,Missing79,15,Male,Market Area,Warangal,Kukatpally PS,2026-01-16,Missing
MP0080,Missing80,37,Male,Market Area,Hyderabad,Begumpet PS,2026-04-17,Missing
MP0081,Missing81,7,Male,Market Area,Hyderabad,Madhapur PS,2026-03-13,Missing
MP0082,Missing82,22,Male,Market Area,Medchal-Malkajgiri,Kukatpally PS,2026-04-09,Missing
MP0083,Missing83,34,Female,Market Area,Karimnagar,Gachibowli PS,2026-02-19,Found
MP0084,Missing84,51,Female,Market Area,Rangareddy,Begumpet PS,2026-03-17,Missing
MP0085,Missing85,43,Female,Market Area,Rangareddy,Banjara Hills PS,2026-05-28,Missing
MP0086,Missing86,13,Female,Market Area,Karimnagar,Kukatpally PS,2026-07-14,Found
MP0087,Missing87,30,Male,Market Area,Warangal,Madhapur PS,2026-03-21,Missing
MP0088,Missing88,66,Female,Market Area,Karimnagar,Gachibowli PS,2026-04-23,Found
MP0089,Missing89,32,Female,Market Area,Karimnagar,Banjara Hills PS,2026-02-08,Missing
MP0090,Missing90,44,Male,Market Area,Rangareddy,Madhapur PS,2026-04-10,Found
MP0091,Missing91,37,Male,Market Area,Warangal,Kukatpally PS,2026-05-11,Missing
MP0092,Missing92,52,Female,Market Area,Hyderabad,Kukatpally PS,2026-07-20,Found
MP0093,Missing93,60,Male,Market Area,Rangareddy,Kukatpally PS,2026-07-23,Missing
MP0094,Missing94,62,Female,Market Area,Hyderabad,Banjara Hills PS,2026-02-03,Found
MP0095,Missing95,51,Male,Market Area,Karimnagar,Begumpet PS,2026-01-08,Found
MP0096,Missing96,28,Male,Market Area,Rangareddy,Begumpet PS,2026-05-17,Missing
MP0097,Missing97,35,Female,Market Area,Hyderabad,Gachibowli PS,2026-01-13,Missing
MP0098,Missing98,15,Male,Market Area,Rangareddy,Kukatpally PS,2026-01-12,Missing
MP0099,Missing99,52,Male,Market Area,Rangareddy,Begumpet PS,2026-03-09,Found
MP0100,Missing100,6,Male,Market Area,Rangareddy,Gachibowli PS,2026-05-14,Found
MP0101,Missing101,70,Male,Market Area,Hyderabad,Madhapur PS,2026-02-16,Found
MP0102,Missing102,34,Male,Market Area,Warangal,Kukatpally PS,2026-02-09,Found
MP0103,Missing103,19,Female,Market Area,Hyderabad,Begumpet PS,2026-04-25,Missing
MP0104,Missing104,62,Female,Market Area,Warangal,Kukatpally PS,2026-04-07,Found
MP0105,Missing105,23,Male,Market Area,Medchal-Malkajgiri,Banjara Hills PS,2026-02-22,Missing
MP0106,Missing106,13,Female,Market Area,Karimnagar,Gachibowli PS,2026-01-18,Missing
MP0107,Missing107,22,Female,Market Area,Hyderabad,Banjara Hills PS,2026-05-26,Missing
MP0108,Missing108,57,Male,Market Area,Rangareddy,Begumpet PS,2026-07-10,Found
MP0109,Missing109,53,Male,Market Area,Medchal-Malkajgiri,Banjara Hills PS,2026-01-14,Found
MP0110,Missing110,10,Female,Market Area,Karimnagar,Gachibowli PS,2026-04-10,Found
MP0111,Missing111,60,Female,Market Area,Hyderabad,Banjara Hills PS,2026-05-14,Missing
MP0112,Missing112,13,Male,Market Area,Medchal-Malkajgiri,Begumpet PS,2026-02-06,Missing
MP0113,Missing113,62,Male,Market Area,Medchal-Malkajgiri,Banjara Hills PS,2026-01-24,Found
MP0114,Missing114,23,Female,Market Area,Rangareddy,Kukatpally PS,2026-06-18,Missing
MP0115,Missing115,63,Female,Market Area,Hyderabad,Gachibowli PS,2026-02-05,Found
MP0116,Missing116,46,Male,Market Area,Medchal-Malkajgiri,Kukatpally PS,2026-05-02,Found
MP0117,Missing117,41,Male,Market Area,Rangareddy,Begumpet PS,2026-05-22,Found
MP0118,Missing118,30,Female,Market Area,Hyderabad,Kukatpally PS,2026-04-20,Missing
MP0119,Missing119,11,Male,Market Area,Rangareddy,Gachibowli PS,2026-07-27,Found
MP0120,Missing120,57,Female,Market Area,Hyderabad,Gachibowli PS,2026-06-16,Found
MP0121,Missing121,45,Female,Market Area,Warangal,Madhapur PS,2026-01-14,Missing
MP0122,Missing122,58,Female,Market Area,Karimnagar,Madhapur PS,2026-01-03,Missing
MP0123,Missing123,26,Male,Market Area,Hyderabad,Kukatpally PS,2026-01-04,Missing
MP0124,Missing124,52,Female,Market Area,Rangareddy,Begumpet PS,2026-01-15,Missing
MP0125,Missing125,63,Female,Market Area,Karimnagar,Gachibowli PS,2026-05-26,Found
MP0126,Missing126,7,Male,Market Area,Warangal,Gachibowli PS,2026-03-03,Missing
MP0127,Missing127,47,Female,Market Area,Rangareddy,Banjara Hills PS,2026-05-09,Missing
MP0128,Missing128,47,Male,Market Area,Karimnagar,Madhapur PS,2026-04-23,Missing
MP0129,Missing129,14,Male,Market Area,Hyderabad,Kukatpally PS,2026-05-25,Missing
MP0130,Missing130,34,Male,Market Area,Karimnagar,Madhapur PS,2026-07-17,Found
MP0131,Missing131,58,Male,Market Area,Karimnagar,Kukatpally PS,2026-05-22,Found
MP0132,Missing132,59,Male,Market Area,Warangal,Kukatpally PS,2026-05-21,Found
MP0133,Missing133,67,Female,Market Area,Warangal,Banjara Hills PS,2026-03-16,Found
MP0134,Missing134,57,Female,Market Area,Karimnagar,Banjara Hills PS,2026-07-17,Missing
MP0135,Missing135,23,Male,Market Area,Medchal-Malkajgiri,Kukatpally PS,2026-03-02,Missing
MP0136,Missing136,49,Male,Market Area,Warangal,Madhapur PS,2026-04-11,Missing
MP0137,Missing137,30,Male,Market Area,Rangareddy,Kukatpally PS,2026-07-07,Missing
MP0138,Missing138,66,Female,Market Area,Warangal,Kukatpally PS,2026-03-27,Found
MP0139,Missing139,32,Male,Market Area,Warangal,Gachibowli PS,2026-05-27,Found
MP0140,Missing140,65,Female,Market Area,Medchal-Malkajgiri,Begumpet PS,2026-01-10,Found
MP0141,Missing141,30,Male,Market Area,Hyderabad,Gachibowli PS,2026-01-09,Missing
MP0142,Missing142,70,Female,Market Area,Medchal-Malkajgiri,Kukatpally PS,2026-06-27,Missing
MP0143,Missing143,49,Male,Market Area,Warangal,Begumpet PS,2026-04-12,Missing
MP0144,Missing144,29,Female,Market Area,Warangal,Madhapur PS,2026-06-15,Found
MP0145,Missing145,5,Male,Market Area,Karimnagar,Kukatpally PS,2026-03-21,Missing
MP0146,Missing146,20,Female,Market Area,Karimnagar,Begumpet PS,2026-04-27,Missing
MP0147,Missing147,58,Male,Market Area,Hyderabad,Kukatpally PS,2026-05-20,Found
MP0148,Missing148,46,Male,Market Area,Medchal-Malkajgiri,Kukatpally PS,2026-07-20,Missing
MP0149,Missing149,37,Male,Market Area,Medchal-Malkajgiri,Begumpet PS,2026-07-15,Found
MP0150,Missing150,46,Male,Market Area,Medchal-Malkajgiri,Madhapur PS,2026-06-06,Found
MP0151,Missing151,38,Male,Market Area,Warangal,Madhapur PS,2026-01-24,Found
MP0152,Missing152,43,Female,Market Area,Karimnagar,Kukatpally PS,2026-03-04,Found
MP0153,Missing153,53,Female,Market Area,Karimnagar,Banjara Hills PS,2026-05-26,Missing
MP0154,Missing154,11,Female,Market Area,Medchal-Malkajgiri,Madhapur PS,2026-06-26,Found
MP0155,Missing155,28,Female,Market Area,Rangareddy,Gachibowli PS,2026-02-06,Missing
MP0156,Missing156,16,Male,Market Area,Medchal-Malkajgiri,Madhapur PS,2026-03-15,Missing
MP0157,Missing157,22,Male,Market Area,Medchal-Malkajgiri,Madhapur PS,2026-04-17,Missing
MP0158,Missing158,38,Female,Market Area,Medchal-Malkajgiri,Banjara Hills PS,2026-01-11,Found
MP0159,Missing159,68,Male,Market Area,Medchal-Malkajgiri,Madhapur PS,2026-03-02,Found
MP0160,Missing160,64,Female,Market Area,Warangal,Kukatpally PS,2026-04-15,Missing
MP0161,Missing161,33,Female,Market Area,Karimnagar,Kukatpally PS,2026-02-10,Missing
MP0162,Missing162,41,Female,Market Area,Hyderabad,Kukatpally PS,2026-01-03,Missing
MP0163,Missing163,67,Male,Market Area,Medchal-Malkajgiri,Kukatpally PS,2026-05-25,Found
MP0164,Missing164,28,Male,Market Area,Medchal-Malkajgiri,Begumpet PS,2026-02-20,Missing
MP0165,Missing165,57,Male,Market Area,Karimnagar,Kukatpally PS,2026-01-19,Found
MP0166,Missing166,60,Female,Market Area,Karimnagar,Banjara Hills PS,2026-01-14,Missing
MP0167,Missing167,39,Female,Market Area,Warangal,Begumpet PS,2026-07-06,Missing
MP0168,Missing168,51,Male,Market Area,Warangal,Madhapur PS,2026-01-01,Found
MP0169,Missing169,40,Male,Market Area,Medchal-Malkajgiri,Gachibowli PS,2026-02-23,Found
MP0170,Missing170,32,Female,Market Area,Medchal-Malkajgiri,Kukatpally PS,2026-07-03,Found
MP0171,Missing171,48,Male,Market Area,Hyderabad,Gachibowli PS,2026-01-03,Missing
MP0172,Missing172,21,Female,Market Area,Warangal,Begumpet PS,2026-07-10,Found
MP0173,Missing173,21,Male,Market Area,Warangal,Begumpet PS,2026-05-15,Missing
MP0174,Missing174,31,Male,Market Area,Medchal-Malkajgiri,Begumpet PS,2026-05-07,Found
MP0175,Missing175,48,Male,Market Area,Karimnagar,Madhapur PS,2026-07-17,Found
MP0176,Missing176,47,Male,Market Area,Rangareddy,Kukatpally PS,2026-04-01,Found
MP0177,Missing177,20,Male,Market Area,Karimnagar,Banjara Hills PS,2026-01-04,Found
MP0178,Missing178,53,Male,Market Area,Medchal-Malkajgiri,Kukatpally PS,2026-01-15,Found
MP0179,Missing179,68,Male,Market Area,Hyderabad,Begumpet PS,2026-01-23,Found
MP0180,Missing180,58,Female,Market Area,Medchal-Malkajgiri,Begumpet PS,2026-03-25,Found
MP0181,Missing181,67,Female,Market Area,Hyderabad,Madhapur PS,2026-06-18,Missing
MP0182,Missing182,56,Female,Market Area,Karimnagar,Madhapur PS,2026-07-26,Found
MP0183,Missing183,22,Male,Market Area,Medchal-Malkajgiri,Gachibowli PS,2026-02-13,Found
MP0184,Missing184,44,Male,Market Area,Karimnagar,Banjara Hills PS,2026-04-15,Found
MP0185,Missing185,56,Male,Market Area,Karimnagar,Kukatpally PS,2026-02-26,Found
MP0186,Missing186,57,Female,Market Area,Warangal,Begumpet PS,2026-06-21,Found
MP0187,Missing187,53,Female,Market Area,Rangareddy,Gachibowli PS,2026-06-04,Missing
MP0188,Missing188,39,Female,Market Area,Karimnagar,Kukatpally PS,2026-05-22,Missing
MP0189,Missing189,40,Female,Market Area,Rangareddy,Begumpet PS,2026-06-24,Missing
MP0190,Missing190,45,Male,Market Area,Rangareddy,Kukatpally PS,2026-06-08,Found
MP0191,Missing191,19,Female,Market Area,Hyderabad,Gachibowli PS,2026-07-13,Found
MP0192,Missing192,60,Male,Market Area,Hyderabad,Madhapur PS,2026-06-05,Found
MP0193,Missing193,29,Male,Market Area,Medchal-Malkajgiri,Gachibowli PS,2026-07-28,Found
MP0194,Missing194,15,Male,Market Area,Medchal-Malkajgiri,Madhapur PS,2026-04-24,Missing
MP0195,Missing195,45,Male,Market Area,Warangal,Banjara Hills PS,2026-07-18,Found
MP0196,Missing196,32,Female,Market Area,Warangal,Gachibowli PS,2026-06-22,Found
MP0197,Missing197,46,Female,Market Area,Rangareddy,Begumpet PS,2026-02-27,Found
MP0198,Missing198,64,Female,Market Area,Medchal-Malkajgiri,Banjara Hills PS,2026-02-21,Missing
MP0199,Missing199,47,Female,Market Area,Hyderabad,Kukatpally PS,2026-01-06,Missing
MP0200,Missing200,47,Female,Market Area,Rangareddy,Kukatpally PS,2026-07-17,Missing
MP0201,Missing201,15,Female,Market Area,Warangal,Banjara Hills PS,2026-01-24,Found
MP0202,Missing202,41,Female,Market Area,Warangal,Begumpet PS,2026-04-07,Missing
MP0203,Missing203,13,Female,Market Area,Hyderabad,Gachibowli PS,2026-02-10,Found
MP0204,Missing204,64,Female,Market Area,Rangareddy,Madhapur PS,2026-07-01,Found
MP0205,Missing205,67,Female,Market Area,Rangareddy,Kukatpally PS,2026-05-12,Missing
MP0206,Missing206,51,Female,Market Area,Karimnagar,Banjara Hills PS,2026-06-17,Found
MP0207,Missing207,6,Female,Market Area,Warangal,Madhapur PS,2026-05-25,Found
MP0208,Missing208,13,Male,Market Area,Medchal-Malkajgiri,Begumpet PS,2026-04-20,Found
MP0209,Missing209,15,Female,Market Area,Hyderabad,Banjara Hills PS,2026-03-12,Found
MP0210,Missing210,61,Female,Market Area,Rangareddy,Begumpet PS,2026-01-08,Found
MP0211,Missing211,30,Female,Market Area,Karimnagar,Banjara Hills PS,2026-02-11,Found
MP0212,Missing212,61,Male,Market Area,Hyderabad,Kukatpally PS,2026-05-17,Missing
MP0213,Missing213,11,Male,Market Area,Rangareddy,Gachibowli PS,2026-07-02,Missing
MP0214,Missing214,12,Male,Market Area,Hyderabad,Gachibowli PS,2026-04-16,Found
MP0215,Missing215,66,Male,Market Area,Karimnagar,Banjara Hills PS,2026-06-14,Found
MP0216,Missing216,27,Male,Market Area,Medchal-Malkajgiri,Gachibowli PS,2026-07-06,Found
MP0217,Missing217,15,Female,Market Area,Hyderabad,Kukatpally PS,2026-03-12,Missing
MP0218,Missing218,60,Male,Market Area,Medchal-Malkajgiri,Madhapur PS,2026-06-04,Missing
MP0219,Missing219,69,Female,Market Area,Rangareddy,Gachibowli PS,2026-03-01,Found
MP0220,Missing220,57,Male,Market Area,Karimnagar,Kukatpally PS,2026-07-04,Missing
MP0221,Missing221,35,Male,Market Area,Medchal-Malkajgiri,Gachibowli PS,2026-05-10,Found
MP0222,Missing222,27,Female,Market Area,Medchal-Malkajgiri,Banjara Hills PS,2026-04-21,Missing
MP0223,Missing223,34,Male,Market Area,Medchal-Malkajgiri,Banjara Hills PS,2026-03-19,Missing
MP0224,Missing224,33,Female,Market Area,Medchal-Malkajgiri,Begumpet PS,2026-07-10,Found
MP0225,Missing225,54,Male,Market Area,Karimnagar,Gachibowli PS,2026-03-06,Missing
MP0226,Missing226,39,Female,Market Area,Karimnagar,Gachibowli PS,2026-02-17,Missing
MP0227,Missing227,49,Female,Market Area,Warangal,Begumpet PS,2026-06-07,Missing
MP0228,Missing228,50,Female,Market Area,Medchal-Malkajgiri,Madhapur PS,2026-06-27,Missing
MP0229,Missing229,52,Male,Market Area,Rangareddy,Banjara Hills PS,2026-01-03,Found
MP0230,Missing230,7,Male,Market Area,Medchal-Malkajgiri,Gachibowli PS,2026-02-04,Found
MP0231,Missing231,16,Female,Market Area,Hyderabad,Banjara Hills PS,2026-04-10,Missing
MP0232,Missing232,63,Male,Market Area,Rangareddy,Begumpet PS,2026-03-23,Found
MP0233,Missing233,22,Female,Market Area,Medchal-Malkajgiri,Madhapur PS,2026-06-07,Found
MP0234,Missing234,16,Male,Market Area,Medchal-Malkajgiri,Madhapur PS,2026-05-01,Found
MP0235,Missing235,18,Male,Market Area,Hyderabad,Gachibowli PS,2026-05-07,Missing
MP0236,Missing236,69,Female,Market Area,Warangal,Begumpet PS,2026-01-05,Missing
MP0237,Missing237,60,Male,Market Area,Rangareddy,Gachibowli PS,2026-07-09,Found
MP0238,Missing238,65,Male,Market Area,Hyderabad,Gachibowli PS,2026-03-20,Found
MP0239,Missing239,31,Female,Market Area,Rangareddy,Begumpet PS,2026-01-19,Missing
MP0240,Missing240,46,Male,Market Area,Hyderabad,Kukatpally PS,2026-05-15,Missing
MP0241,Missing241,6,Female,Market Area,Warangal,Gachibowli PS,2026-07-04,Missing
MP0242,Missing242,26,Male,Market Area,Medchal-Malkajgiri,Madhapur PS,2026-01-08,Missing
MP0243,Missing243,59,Female,Market Area,Karimnagar,Gachibowli PS,2026-05-07,Found
MP0244,Missing244,24,Male,Market Area,Warangal,Kukatpally PS,2026-07-18,Missing
MP0245,Missing245,24,Female,Market Area,Hyderabad,Madhapur PS,2026-04-13,Missing
MP0246,Missing246,55,Male,Market Area,Warangal,Banjara Hills PS,2026-04-07,Missing
MP0247,Missing247,27,Female,Market Area,Rangareddy,Madhapur PS,2026-01-11,Missing
MP0248,Missing248,67,Male,Market Area,Karimnagar,Banjara Hills PS,2026-01-17,Missing
MP0249,Missing249,49,Male,Market Area,Medchal-Malkajgiri,Gachibowli PS,2026-02-07,Missing
MP0250,Missing250,36,Female,Market Area,Karimnagar,Begumpet PS,2026-05-19,Found
MP0251,Missing251,22,Female,Market Area,Warangal,Gachibowli PS,2026-01-22,Found
MP0252,Missing252,68,Male,Market Area,Hyderabad,Begumpet PS,2026-05-24,Found
MP0253,Missing253,60,Female,Market Area,Warangal,Banjara Hills PS,2026-01-02,Found
MP0254,Missing254,60,Male,Market Area,Warangal,Kukatpally PS,2026-04-24,Found
MP0255,Missing255,50,Male,Market Area,Rangareddy,Banjara Hills PS,2026-06-17,Missing
MP0256,Missing256,59,Female,Market Area,Medchal-Malkajgiri,Begumpet PS,2026-07-09,Missing
MP0257,Missing257,6,Female,Market Area,Warangal,Begumpet PS,2026-06-26,Missing
MP0258,Missing258,62,Male,Market Area,Rangareddy,Begumpet PS,2026-04-22,Missing
MP0259,Missing259,35,Male,Market Area,Medchal-Malkajgiri,Banjara Hills PS,2026-07-27,Missing
MP0260,Missing260,31,Male,Market Area,Karimnagar,Banjara Hills PS,2026-02-27,Found
MP0261,Missing261,17,Female,Market Area,Hyderabad,Kukatpally PS,2026-03-12,Missing
MP0262,Missing262,65,Female,Market Area,Warangal,Banjara Hills PS,2026-01-28,Missing
MP0263,Missing263,30,Female,Market Area,Warangal,Madhapur PS,2026-05-24,Missing
MP0264,Missing264,17,Female,Market Area,Rangareddy,Begumpet PS,2026-05-20,Missing
MP0265,Missing265,68,Female,Market Area,Rangareddy,Kukatpally PS,2026-01-07,Found
MP0266,Missing266,19,Female,Market Area,Karimnagar,Kukatpally PS,2026-01-14,Missing
MP0267,Missing267,63,Female,Market Area,Warangal,Begumpet PS,2026-01-23,Found
MP0268,Missing268,11,Female,Market Area,Warangal,Begumpet PS,2026-01-03,Missing
MP0269,Missing269,10,Female,Market Area,Medchal-Malkajgiri,Kukatpally PS,2026-04-20,Found
MP0270,Missing270,54,Female,Market Area,Hyderabad,Begumpet PS,2026-04-08,Found
MP0271,Missing271,57,Male,Market Area,Rangareddy,Begumpet PS,2026-06-01,Missing
MP0272,Missing272,6,Male,Market Area,Hyderabad,Kukatpally PS,2026-07-10,Missing
MP0273,Missing273,26,Male,Market Area,Warangal,Madhapur PS,2026-05-12,Found
MP0274,Missing274,61,Female,Market Area,Warangal,Madhapur PS,2026-02-04,Found
MP0275,Missing275,16,Female,Market Area,Karimnagar,Kukatpally PS,2026-04-07,Found
MP0276,Missing276,63,Male,Market Area,Karimnagar,Banjara Hills PS,2026-06-11,Found
MP0277,Missing277,36,Male,Market Area,Warangal,Banjara Hills PS,2026-07-13,Missing
MP0278,Missing278,42,Female,Market Area,Warangal,Banjara Hills PS,2026-07-16,Found
MP0279,Missing279,30,Male,Market Area,Medchal-Malkajgiri,Begumpet PS,2026-04-09,Missing
MP0280,Missing280,53,Female,Market Area,Warangal,Begumpet PS,2026-05-12,Found
MP0281,Missing281,54,Male,Market Area,Medchal-Malkajgiri,Banjara Hills PS,2026-06-05,Found
MP0282,Missing282,51,Female,Market Area,Rangareddy,Gachibowli PS,2026-01-05,Found
MP0283,Missing283,27,Female,Market Area,Rangareddy,Begumpet PS,2026-04-26,Found
MP0284,Missing284,48,Female,Market Area,Hyderabad,Gachibowli PS,2026-01-19,Missing
MP0285,Missing285,29,Female,Market Area,Medchal-Malkajgiri,Begumpet PS,2026-04-21,Found
MP0286,Missing286,10,Male,Market Area,Rangareddy,Kukatpally PS,2026-01-25,Missing
MP0287,Missing287,12,Male,Market Area,Karimnagar,Madhapur PS,2026-05-12,Missing
MP0288,Missing288,34,Female,Market Area,Medchal-Malkajgiri,Gachibowli PS,2026-02-07,Missing
MP0289,Missing289,42,Female,Market Area,Hyderabad,Begumpet PS,2026-07-03,Missing
MP0290,Missing290,68,Female,Market Area,Hyderabad,Gachibowli PS,2026-06-17,Found
MP0291,Missing291,41,Female,Market Area,Hyderabad,Gachibowli PS,2026-04-21,Found
MP0292,Missing292,40,Female,Market Area,Rangareddy,Madhapur PS,2026-01-26,Found
MP0293,Missing293,46,Female,Market Area,Rangareddy,Madhapur PS,2026-02-20,Missing
MP0294,Missing294,46,Male,Market Area,Hyderabad,Kukatpally PS,2026-04-26,Missing
MP0295,Missing295,66,Female,Market Area,Rangareddy,Begumpet PS,2026-01-23,Missing
MP0296,Missing296,22,Male,Market Area,Rangareddy,Kukatpally PS,2026-07-04,Missing
MP0297,Missing297,22,Female,Market Area,Rangareddy,Kukatpally PS,2026-01-01,Missing
MP0298,Missing298,49,Male,Market Area,Hyderabad,Banjara Hills PS,2026-04-15,Missing
MP0299,Missing299,51,Female,Market Area,Karimnagar,Kukatpally PS,2026-03-25,Found
MP0300,Missing300,9,Female,Market Area,Hyderabad,Begumpet PS,2026-03-23,Missing
